invoice_id,customer_id,product_id,time_id,branch_id,payment_id,quantity,tax_5_percent,sales,cogs,gross_margin_percentage,gross_income,rating
750-67-8428,1,1,1,1,1,7,26.1415,548.9715,522.83,4.761904762,26.1415,9.1
226-31-3081,2,2,2,2,2,5,3.82,80.22,76.4,4.761904762,3.82,9.6
631-41-3108,2,3,3,1,3,7,16.2155,340.5255,324.31,4.761904762,16.2155,7.4
123-19-1176,1,4,4,1,1,8,23.288,489.048,465.76,4.761904762,23.288,8.4
373-73-7910,1,5,5,1,1,7,30.2085,634.3785,604.17,4.761904762,30.2085,5.3
699-14-3026,1,6,6,2,1,7,29.8865,627.6165,597.73,4.761904762,29.8865,4.1
355-53-5943,1,7,7,1,1,6,20.652,433.692,413.04,4.761904762,20.652,5.8
315-22-5665,1,8,8,2,1,10,36.78,772.38,735.6,4.761904762,36.78,8.0
665-32-9167,1,9,9,1,3,2,3.626,76.146,72.52,4.761904762,3.626,7.2
692-92-5582,1,10,10,3,3,3,8.226,172.746,164.52,4.761904762,8.226,5.9
351-62-0822,1,11,11,3,1,4,2.896,60.816,57.92,4.761904762,2.896,4.5
529-56-3974,1,12,12,3,2,4,5.102,107.142,102.04,4.761904762,5.102,6.8
365-64-0515,1,13,13,1,1,5,11.7375,246.4875,234.75,4.761904762,11.7375,7.1
252-56-2699,1,14,14,1,1,10,21.595,453.495,431.9,4.761904762,21.595,8.2
829-34-3910,1,15,15,1,2,10,35.69,749.49,713.8,4.761904762,35.69,5.7
299-46-1805,1,16,16,3,2,6,28.116,590.436,562.32,4.761904762,28.116,4.5
656-95-9349,1,17,17,1,3,7,24.1255,506.6355,482.51,4.761904762,24.1255,4.6
765-26-6951,1,18,18,1,3,6,21.783,457.443,435.66,4.761904762,21.783,6.9
329-62-1586,1,19,19,1,3,3,8.2005,172.2105,164.01,4.761904762,8.2005,8.6
319-50-3348,1,20,20,3,1,2,4.03,84.63,80.6,4.761904762,4.03,4.4
300-71-4605,1,21,21,2,1,5,21.51,451.71,430.2,4.761904762,21.51,4.8
371-85-5789,1,22,22,3,1,3,13.197,277.137,263.94,4.761904762,13.197,5.1
273-16-6619,1,23,23,3,3,2,3.32,69.72,66.4,4.761904762,3.32,4.4
636-48-8204,1,24,24,1,1,5,8.64,181.44,172.8,4.761904762,8.64,9.9
549-59-1358,1,25,25,1,1,3,13.2945,279.1845,265.89,4.761904762,13.2945,6.0
227-03-5010,1,26,26,1,3,8,21.036,441.756,420.72,4.761904762,21.036,8.5
649-29-6775,1,27,27,3,2,1,1.676,35.196,33.52,4.761904762,1.676,6.7
189-17-4241,1,28,28,1,3,2,8.767,184.107,175.34,4.761904762,8.767,7.7
145-94-9061,1,29,29,3,2,5,22.09,463.89,441.8,4.761904762,22.09,9.6
848-62-7243,1,30,30,1,2,9,11.2005,235.2105,224.01,4.761904762,11.2005,7.4
871-79-8483,1,31,31,3,3,5,23.5325,494.1825,470.65,4.761904762,23.5325,4.8
149-71-6266,1,32,32,3,2,9,35.1315,737.7615,702.63,4.761904762,35.1315,4.5
640-49-2076,1,33,33,3,2,8,33.512,703.752,670.24,4.761904762,33.512,5.1
595-11-5460,1,34,34,1,3,2,9.658,202.818,193.16,4.761904762,9.658,5.1
183-56-6882,1,35,35,2,1,4,19.884,417.564,397.68,4.761904762,19.884,7.5
232-16-2483,1,36,36,2,1,1,3.406,71.526,68.12,4.761904762,3.406,6.8
129-29-8530,1,37,37,1,1,5,15.655,328.755,313.1,4.761904762,15.655,7.0
272-65-1806,1,38,38,1,1,9,27.396,575.316,547.92,4.761904762,27.396,4.7
333-73-7901,1,39,39,2,1,8,21.968,461.328,439.36,4.761904762,21.968,7.6
777-82-7220,1,40,40,3,2,8,12.048,253.008,240.96,4.761904762,12.048,7.7
280-35-5823,1,41,41,3,1,1,4.336,91.056,86.72,4.761904762,4.336,7.9
554-53-8700,1,42,42,2,2,2,5.611,117.831,112.22,4.761904762,5.611,6.3
354-25-5821,1,43,43,3,2,6,20.736,435.456,414.72,4.761904762,20.736,5.6
228-96-1411,1,44,44,2,2,8,39.48,829.08,789.6,4.761904762,39.48,7.6
617-15-4209,1,45,45,2,2,2,1.537,32.277,30.74,4.761904762,1.537,7.2
132-32-9879,1,46,46,3,2,4,18.792,394.632,375.84,4.761904762,18.792,9.5
370-41-7321,1,47,47,3,3,9,25.5105,535.7205,510.21,4.761904762,25.5105,8.4
727-46-3608,1,48,48,3,1,9,9.0045,189.0945,180.09,4.761904762,9.0045,4.1
669-54-1719,1,49,49,3,3,6,5.679,119.259,113.58,4.761904762,5.679,8.1
574-22-5561,1,50,50,2,1,10,41.315,867.615,826.3,4.761904762,41.315,7.9
326-78-5178,1,51,51,2,2,7,31.99,671.79,639.8,4.761904762,31.99,9.5
162-48-8011,1,52,52,1,2,5,11.1475,234.0975,222.95,4.761904762,11.1475,8.5
616-24-2851,1,53,53,3,1,4,3.574,75.054,71.48,4.761904762,3.574,6.5
778-71-5554,1,54,54,2,3,1,0.7715,16.2015,15.43,4.761904762,0.7715,6.1
242-55-6721,1,55,55,3,1,2,1.616,33.936,32.32,4.761904762,1.616,6.5
399-46-5918,1,56,56,2,2,8,34.392,722.232,687.84,4.761904762,34.392,8.2
106-35-6779,1,57,57,1,2,2,4.434,93.114,88.68,4.761904762,4.434,5.8
635-40-6220,1,58,58,1,1,8,35.84,752.64,716.8,4.761904762,35.84,6.6
817-48-8732,1,59,59,1,2,10,36.175,759.675,723.5,4.761904762,36.175,5.4
120-06-4233,1,60,60,2,2,6,9.183,192.843,183.66,4.761904762,9.183,9.3
285-68-5083,1,61,61,2,3,3,3.711,77.931,74.22,4.761904762,3.711,10.0
803-83-5989,1,62,62,2,1,6,16.719,351.099,334.38,4.761904762,16.719,7.0
347-34-2234,1,63,63,3,1,9,24.7815,520.4115,495.63,4.761904762,24.7815,10.0
199-75-8169,1,64,64,1,3,10,7.905,166.005,158.1,4.761904762,7.905,8.6
853-23-2453,1,65,65,3,2,4,15.148,318.108,302.96,4.761904762,15.148,7.6
877-22-3308,1,66,66,1,2,10,7.935,166.635,158.7,4.761904762,7.935,5.8
838-78-4295,1,67,67,2,1,2,3.347,70.287,66.94,4.761904762,3.347,6.7
109-28-2512,1,68,68,3,1,6,29.283,614.943,585.66,4.761904762,29.283,9.9
232-11-3025,1,69,69,1,2,10,39.385,827.085,787.7,4.761904762,39.385,6.4
382-03-4532,1,70,70,1,2,1,0.9165,19.2465,18.33,4.761904762,0.9165,4.3
393-65-2792,1,71,71,2,3,10,44.74,939.54,894.8,4.761904762,44.74,9.6
796-12-2025,1,72,72,2,2,10,31.06,652.26,621.2,4.761904762,31.06,5.9
510-95-6347,1,73,73,3,1,3,7.278,152.838,145.56,4.761904762,7.278,4.0
841-35-6630,1,74,74,2,2,6,22.773,478.233,455.46,4.761904762,22.773,8.7
287-21-9091,1,75,75,1,1,9,33.6015,705.6315,672.03,4.761904762,33.6015,9.4
732-94-0499,1,76,76,2,3,10,20.825,437.325,416.5,4.761904762,20.825,5.4
263-10-3913,1,77,77,2,3,9,22.068,463.428,441.36,4.761904762,22.068,8.6
381-20-0914,1,78,78,1,3,9,9.0045,189.0945,180.09,4.761904762,9.0045,5.7
829-49-1914,1,79,79,2,1,10,39.155,822.255,783.1,4.761904762,39.155,6.6
756-01-7507,1,80,80,2,2,5,5.095,106.995,101.9,4.761904762,5.095,6.0
870-72-4431,1,81,81,2,3,6,29.757,624.897,595.14,4.761904762,29.757,5.5
847-38-7188,1,82,82,3,1,3,14.502,304.542,290.04,4.761904762,14.502,6.4
480-63-2856,1,83,83,2,1,8,7.7,161.7,154.0,4.761904762,7.7,6.6
787-56-0757,1,84,84,2,3,4,16.072,337.512,321.44,4.761904762,16.072,8.3
360-39-5055,1,85,85,2,2,5,12.2275,256.7775,244.55,4.761904762,12.2275,6.6
730-50-9884,1,86,86,2,1,7,29.071,610.491,581.42,4.761904762,29.071,4.0
362-58-8315,1,87,87,2,2,5,19.13,401.73,382.6,4.761904762,19.13,9.9
633-44-8566,1,88,88,1,3,7,17.283,362.943,345.66,4.761904762,17.283,7.3
504-35-8843,1,89,89,1,2,1,2.1235,44.5935,42.47,4.761904762,2.1235,5.7
318-68-5053,1,90,90,3,2,6,23.097,485.037,461.94,4.761904762,23.097,6.1
565-80-5980,1,91,91,2,2,4,9.476,198.996,189.52,4.761904762,9.476,7.1
225-32-0908,1,92,92,2,1,10,22.43,471.03,448.6,4.761904762,22.43,8.2
873-51-0671,1,93,93,1,1,7,7.693,161.553,153.86,4.761904762,7.693,5.1
152-08-9985,1,94,94,3,3,9,28.962,608.202,579.24,4.761904762,28.962,8.6
512-91-0811,1,95,95,2,3,1,4.4875,94.2375,89.75,4.761904762,4.4875,6.6
594-34-4444,1,96,96,1,1,1,4.858,102.018,97.16,4.761904762,4.858,7.2
766-85-7061,1,97,97,3,1,10,43.935,922.635,878.7,4.761904762,43.935,5.1
871-39-9221,1,98,98,2,2,6,3.735,78.435,74.7,4.761904762,3.735,4.1
865-92-6136,1,99,99,1,1,3,7.9125,166.1625,158.25,4.761904762,7.9125,9.3
733-01-9107,1,100,100,3,2,6,24.81,521.01,496.2,4.761904762,24.81,7.4
163-56-7055,1,101,101,2,2,1,2.4355,51.1455,48.71,4.761904762,2.4355,4.1
189-98-2939,1,102,102,2,2,9,35.3475,742.2975,706.95,4.761904762,35.3475,7.2
551-21-3069,1,103,103,2,2,9,10.3815,218.0115,207.63,4.761904762,10.3815,4.9
212-62-1842,1,104,104,1,2,6,17.478,367.038,349.56,4.761904762,17.478,9.9
716-39-1409,1,105,105,3,2,7,10.6225,223.0725,212.45,4.761904762,10.6225,8.0
704-48-3927,1,106,106,1,1,10,44.335,931.035,886.7,4.761904762,44.335,7.3
628-34-3388,1,107,107,2,3,6,8.214,172.494,164.28,4.761904762,8.214,7.9
630-74-5166,1,108,108,1,2,6,18.639,391.419,372.78,4.761904762,18.639,7.4
588-01-7461,1,109,109,2,2,9,15.291,321.111,305.82,4.761904762,15.291,4.2
861-77-0145,1,110,110,2,2,10,40.985,860.685,819.7,4.761904762,40.985,9.2
479-26-8945,1,111,111,3,1,2,1.649,34.629,32.98,4.761904762,1.649,4.6
210-67-5886,1,112,112,2,3,3,14.7315,309.3615,294.63,4.761904762,14.7315,7.8
227-78-1148,1,113,113,3,2,7,25.494,535.374,509.88,4.761904762,25.494,8.4
645-44-1170,1,114,114,1,1,9,26.1315,548.7615,522.63,4.761904762,26.1315,4.3
237-01-6122,1,115,115,2,3,9,36.3555,763.4655,727.11,4.761904762,36.3555,9.5
225-98-1496,1,116,116,2,3,3,4.053,85.113,81.06,4.761904762,4.053,7.1
291-32-1427,1,117,117,3,1,5,5.485,115.185,109.7,4.761904762,5.485,5.3
659-65-8956,1,118,118,3,1,1,2.568,53.928,51.36,4.761904762,2.568,5.2
642-32-2990,1,119,119,1,1,10,5.48,115.08,109.6,4.761904762,5.48,6.0
378-24-2715,1,120,120,3,1,2,5.344,112.224,106.88,4.761904762,5.344,4.1
638-60-7125,1,121,121,1,3,8,39.824,836.304,796.48,4.761904762,39.824,5.2
659-36-1684,1,122,122,2,3,7,19.992,419.832,399.84,4.761904762,19.992,6.5
219-22-9386,1,123,123,3,3,9,44.982,944.622,899.64,4.761904762,44.982,4.2
336-78-2147,1,124,124,2,3,8,25.564,536.844,511.28,4.761904762,25.564,4.6
268-27-6179,1,125,125,3,1,8,22.588,474.348,451.76,4.761904762,22.588,7.3
668-90-8900,1,126,126,1,3,7,32.7915,688.6215,655.83,4.761904762,32.7915,4.5
870-54-3162,1,127,127,1,2,5,8.0625,169.3125,161.25,4.761904762,8.0625,9.0
189-08-9157,1,128,128,2,3,9,14.2785,299.8485,285.57,4.761904762,14.2785,5.9
663-86-9076,1,129,129,2,1,8,27.416,575.736,548.32,4.761904762,27.416,8.5
549-84-7482,1,130,130,3,1,9,40.626,853.146,812.52,4.761904762,40.626,7.2
191-10-6171,2,131,131,3,2,7,13.867,291.207,277.34,4.761904762,13.867,7.5
802-70-5316,1,132,132,1,2,6,27.639,580.419,552.78,4.761904762,27.639,8.3
695-51-0018,2,133,133,3,2,4,6.968,146.328,139.36,4.761904762,6.968,7.4
590-83-4591,1,134,134,3,3,6,26.235,550.935,524.7,4.761904762,26.235,8.8
483-71-1164,2,135,135,2,1,6,24.39,512.19,487.8,4.761904762,24.39,5.3
597-78-7908,2,136,136,2,2,3,13.533,284.193,270.66,4.761904762,13.533,6.2
700-81-1757,2,137,137,1,3,5,6.5775,138.1275,131.55,4.761904762,6.5775,8.8
354-39-5160,1,138,138,1,2,6,10.326,216.846,206.52,4.761904762,10.326,9.8
241-72-9525,2,139,139,3,2,10,25.955,545.055,519.1,4.761904762,25.955,8.2
575-30-8091,2,140,140,1,1,8,29.0,609.0,580.0,4.761904762,29.0,9.2
731-81-9469,1,141,141,2,3,10,44.9,942.9,898.0,4.761904762,44.9,5.4
280-17-4359,3,142,142,2,2,10,45.25,950.25,905.0,4.761904762,45.25,8.1
338-65-2210,1,143,143,2,2,10,34.3,720.3,686.0,4.761904762,34.3,9.1
488-25-4221,1,144,144,2,3,1,1.5205,31.9305,30.41,4.761904762,1.5205,8.4
239-10-7476,2,145,145,1,1,6,23.385,491.085,467.7,4.761904762,23.385,8.0
458-41-1477,2,146,146,2,3,6,13.878,291.438,277.56,4.761904762,13.878,9.5
685-64-1609,1,147,147,1,1,10,15.07,316.47,301.4,4.761904762,15.07,9.2
568-90-5112,4,148,148,2,3,4,13.228,277.788,264.56,4.761904762,13.228,5.6
262-47-2794,3,149,149,3,3,8,28.744,603.624,574.88,4.761904762,28.744,6.2
238-49-0436,4,150,150,1,3,8,12.984,272.664,259.68,4.761904762,12.984,4.9
608-96-3517,1,151,151,3,3,4,18.308,384.468,366.16,4.761904762,18.308,4.8
584-86-7256,3,152,152,2,3,7,12.096,254.016,241.92,4.761904762,12.096,7.3
746-94-0204,4,153,153,1,3,9,37.458,786.618,749.16,4.761904762,37.458,7.4
214-17-6927,2,154,154,2,1,6,4.944,103.824,98.88,4.761904762,4.944,9.9
400-89-4171,2,155,155,2,2,8,32.388,680.148,647.76,4.761904762,32.388,9.3
782-95-9291,3,156,156,1,3,5,23.0725,484.5225,461.45,4.761904762,23.0725,9.0
279-74-2924,3,157,157,3,2,1,3.6085,75.7785,72.17,4.761904762,3.6085,6.1
307-85-2293,4,158,158,3,1,5,12.57,263.97,251.4,4.761904762,12.57,9.7
743-04-1105,3,159,159,3,1,9,43.749,918.729,874.98,4.761904762,43.749,6.0
423-57-2993,4,160,160,3,1,6,28.017,588.357,560.34,4.761904762,28.017,10.0
894-41-5205,2,161,161,2,3,8,17.272,362.712,345.44,4.761904762,17.272,8.3
275-28-0149,4,162,162,1,2,1,3.1845,66.8745,63.69,4.761904762,3.1845,6.0
101-17-6199,4,163,163,1,3,7,16.0265,336.5565,320.53,4.761904762,16.0265,7.0
423-80-0988,4,164,164,2,1,2,7.64,160.44,152.8,4.761904762,7.64,6.5
548-46-9322,4,165,165,3,3,10,19.95,418.95,399.0,4.761904762,19.95,5.9
505-02-0892,3,166,166,3,1,8,17.028,357.588,340.56,4.761904762,17.028,5.6
234-65-2137,4,167,167,2,2,10,47.79,1003.59,955.8,4.761904762,47.79,4.8
687-47-8271,4,168,168,1,3,10,49.49,1039.29,989.8,4.761904762,49.49,8.7
796-32-9050,4,169,169,1,2,6,15.384,323.064,307.68,4.761904762,15.384,6.5
105-31-1824,3,170,170,1,3,7,24.332,510.972,486.64,4.761904762,24.332,8.5
249-42-3782,4,171,171,1,1,5,17.5025,367.5525,350.05,4.761904762,17.5025,5.5
316-55-4634,3,172,172,3,3,5,20.0125,420.2625,400.25,4.761904762,20.0125,9.4
733-33-4967,4,173,173,2,2,8,8.34,175.14,166.8,4.761904762,8.34,6.3
608-27-6295,3,174,174,3,3,6,15.867,333.207,317.34,4.761904762,15.867,9.8
414-12-7047,4,175,175,3,1,8,7.916,166.236,158.32,4.761904762,7.916,8.7
827-26-2100,3,176,176,1,1,9,15.228,319.788,304.56,4.761904762,15.228,8.8
175-54-2529,3,177,177,1,3,8,8.868,186.228,177.36,4.761904762,8.868,9.6
139-52-2867,2,178,178,2,3,7,7.8785,165.4485,157.57,4.761904762,7.8785,4.8
407-63-8975,4,179,179,1,1,6,22.164,465.444,443.28,4.761904762,22.164,4.4
342-65-4817,3,180,180,2,1,3,13.02,273.42,260.4,4.761904762,13.02,9.9
130-98-8941,4,181,181,2,2,7,22.491,472.311,449.82,4.761904762,22.491,5.7
434-83-9547,3,182,182,2,2,8,15.388,323.148,307.76,4.761904762,15.388,7.7
851-28-6367,3,183,183,1,1,10,7.75,162.75,155.0,4.761904762,7.75,8.0
824-88-3614,4,184,184,2,1,8,13.724,288.204,274.48,4.761904762,13.724,5.7
586-25-0848,2,185,185,1,3,7,4.319,90.699,86.38,4.761904762,4.319,6.7
895-66-0685,3,186,186,3,1,3,2.712,56.952,54.24,4.761904762,2.712,8.0
305-14-0245,1,187,187,3,1,8,37.796,793.716,755.92,4.761904762,37.796,7.5
732-04-5373,3,188,188,3,2,4,9.294,195.174,185.88,4.761904762,9.294,7.0
400-60-7251,4,189,189,1,1,1,3.7035,77.7735,74.07,4.761904762,3.7035,9.9
593-65-1552,2,190,190,2,3,4,13.962,293.202,279.24,4.761904762,13.962,5.9
284-34-9626,2,191,191,3,3,3,11.556,242.676,231.12,4.761904762,11.556,7.2
437-58-8131,2,192,192,3,1,2,7.352,154.392,147.04,4.761904762,7.352,4.6
286-43-6208,2,193,193,2,2,9,39.51,829.71,790.2,4.761904762,39.51,9.2
641-43-2399,4,194,194,3,1,4,5.11,107.31,102.2,4.761904762,5.11,5.7
831-07-6050,4,195,195,1,3,5,8.1775,171.7275,163.55,4.761904762,8.1775,9.9
556-86-3144,1,196,196,2,2,1,3.7145,78.0045,74.29,4.761904762,3.7145,5.0
848-24-9445,3,197,197,2,2,2,4.37,91.77,87.4,4.761904762,4.37,4.9
856-22-8149,2,198,198,1,1,1,1.2645,26.5545,25.29,4.761904762,1.2645,6.1
699-01-4164,4,199,199,2,3,4,8.3,174.3,166.0,4.761904762,8.3,8.2
420-11-4919,1,200,200,2,3,5,17.8475,374.7975,356.95,4.761904762,17.8475,5.5
606-80-4905,1,201,201,2,3,6,5.745,120.645,114.9,4.761904762,5.745,6.8
542-41-0513,1,202,202,3,2,4,11.498,241.458,229.96,4.761904762,11.498,6.6
426-39-2418,4,203,203,2,2,7,21.4935,451.3635,429.87,4.761904762,21.4935,9.8
875-46-5808,3,204,204,3,1,10,12.95,271.95,259.0,4.761904762,12.95,8.7
394-43-4238,3,205,205,3,3,5,4.4425,93.2925,88.85,4.761904762,4.4425,5.4
749-24-1565,2,206,206,1,1,9,10.3635,217.6335,207.27,4.761904762,10.3635,7.9
672-51-8681,1,207,207,2,3,9,29.9925,629.8425,599.85,4.761904762,29.9925,9.7
263-87-5680,1,208,208,2,1,10,14.265,299.565,285.3,4.761904762,14.265,7.8
573-58-9734,2,209,209,3,1,3,4.5555,95.6655,91.11,4.761904762,4.5555,5.1
817-69-8206,2,210,210,3,3,9,44.8785,942.4485,897.57,4.761904762,44.8785,6.5
888-02-0338,4,211,211,1,1,9,11.8035,247.8735,236.07,4.761904762,11.8035,5.9
677-11-0152,2,212,212,2,2,9,41.967,881.307,839.34,4.761904762,41.967,8.8
142-63-6033,4,213,213,3,1,5,23.09,484.89,461.8,4.761904762,23.09,4.9
656-16-1063,4,214,214,3,3,3,6.963,146.223,139.26,4.761904762,6.963,4.4
891-58-8335,1,215,215,3,2,7,10.3635,217.6335,207.27,4.761904762,10.3635,6.5
802-43-8934,4,216,216,1,3,1,0.914,19.194,18.28,4.761904762,0.914,8.3
560-30-5617,2,217,217,3,2,5,6.1925,130.0425,123.85,4.761904762,6.1925,8.5
319-74-2561,1,218,218,1,2,3,14.196,298.116,283.92,4.761904762,14.196,5.5
549-03-9315,4,219,219,3,1,8,37.948,796.908,758.96,4.761904762,37.948,8.7
790-29-1172,2,220,220,3,3,3,8.601,180.621,172.02,4.761904762,8.601,7.9
239-36-3640,4,221,221,3,1,6,13.605,285.705,272.1,4.761904762,13.605,6.1
468-01-2051,4,222,222,3,1,7,21.728,456.288,434.56,4.761904762,21.728,5.4
389-25-3394,4,223,223,2,2,5,2.9525,62.0025,59.05,4.761904762,2.9525,9.4
279-62-1445,1,224,224,2,2,1,0.627,13.167,12.54,4.761904762,0.627,8.2
213-72-6612,4,225,225,1,2,2,4.325,90.825,86.5,4.761904762,4.325,6.2
746-68-6593,1,226,226,2,3,2,8.716,183.036,174.32,4.761904762,8.716,9.7
836-82-5858,3,227,227,3,1,9,31.2165,655.5465,624.33,4.761904762,31.2165,4.0
583-72-1480,3,228,228,2,1,4,7.412,155.652,148.24,4.761904762,7.412,9.7
466-61-5506,1,229,229,3,2,6,27.21,571.41,544.2,4.761904762,27.21,5.3
721-86-6247,2,230,230,1,1,8,25.368,532.728,507.36,4.761904762,25.368,7.4
289-65-5721,2,231,231,3,2,2,8.137,170.877,162.74,4.761904762,8.137,6.5
545-46-3100,1,232,232,3,3,3,1.5885,33.3585,31.77,4.761904762,1.5885,8.7
418-02-5978,2,233,233,3,2,9,37.8405,794.6505,756.81,4.761904762,37.8405,8.0
269-04-5750,3,234,234,3,2,4,14.764,310.044,295.28,4.761904762,14.764,6.7
157-13-5295,3,235,235,1,1,10,25.97,545.37,519.4,4.761904762,25.97,6.5
645-78-8093,2,236,236,1,1,2,9.314,195.594,186.28,4.761904762,9.314,4.1
211-30-9270,4,237,237,2,3,5,4.3525,91.4025,87.05,4.761904762,4.3525,4.9
755-12-3214,1,238,238,2,3,5,11.055,232.155,221.1,4.761904762,11.055,8.6
346-84-3103,1,239,239,3,2,5,3.305,69.405,66.1,4.761904762,3.305,4.3
478-06-7835,4,240,240,1,1,1,4.4845,94.1745,89.69,4.761904762,4.4845,4.9
540-11-4336,4,241,241,1,3,9,11.223,235.683,224.46,4.761904762,11.223,5.6
448-81-5016,4,242,242,1,3,2,5.977,125.517,119.54,4.761904762,5.977,5.8
142-72-4741,3,243,243,2,3,2,9.32,195.72,186.4,4.761904762,9.32,6.0
217-58-1179,3,244,244,1,2,4,12.53,263.13,250.6,4.761904762,12.53,4.2
376-02-8238,4,245,245,3,3,8,37.548,788.508,750.96,4.761904762,37.548,8.3
530-90-9855,3,246,246,1,2,8,19.036,399.756,380.72,4.761904762,19.036,5.7
866-05-7563,1,247,247,3,2,3,12.21,256.41,244.2,4.761904762,12.21,4.8
604-70-6476,3,248,248,1,1,5,4.485,94.185,89.7,4.761904762,4.485,6.8
799-71-1548,3,249,249,1,3,4,15.544,326.424,310.88,4.761904762,15.544,8.8
785-13-7708,4,250,250,3,3,7,25.571,536.991,511.42,4.761904762,25.571,4.2
845-51-0542,3,251,251,3,1,9,20.9475,439.8975,418.95,4.761904762,20.9475,6.4
662-47-5456,3,252,252,2,3,10,17.595,369.495,351.9,4.761904762,17.595,8.4
883-17-4236,2,253,253,2,3,2,1.439,30.219,28.78,4.761904762,1.439,7.2
290-68-2984,4,254,254,1,2,4,4.75,99.75,95.0,4.761904762,4.75,5.2
704-11-6354,3,255,255,1,2,8,23.56,494.76,471.2,4.761904762,23.56,8.9
110-48-7033,3,256,256,3,2,4,6.524,137.004,130.48,4.761904762,6.524,9.0
366-93-0948,3,257,257,1,3,1,3.3175,69.6675,66.35,4.761904762,3.3175,9.7
729-09-9681,3,258,258,1,1,6,7.773,163.233,155.46,4.761904762,7.773,8.7
151-16-1484,3,259,259,1,1,4,6.45,135.45,129.0,4.761904762,6.45,6.5
380-94-4661,3,260,260,2,3,4,13.188,276.948,263.76,4.761904762,13.188,6.9
850-41-9669,2,261,261,1,1,9,33.777,709.317,675.54,4.761904762,33.777,6.2
821-07-3596,2,262,262,2,1,4,3.29,69.09,65.8,4.761904762,3.29,5.6
655-85-5130,1,263,263,3,2,4,7.66,160.86,153.2,4.761904762,7.66,5.7
447-15-7839,1,264,264,1,2,10,11.12,233.52,222.4,4.761904762,11.12,4.2
154-74-7179,4,265,265,3,1,1,2.7225,57.1725,54.45,4.761904762,2.7225,7.9
253-12-6086,1,266,266,1,3,7,34.44,723.24,688.8,4.761904762,34.44,8.7
808-65-0703,4,267,267,2,3,4,7.094,148.974,141.88,4.761904762,7.094,6.9
571-94-0759,1,268,268,3,2,10,37.3,783.3,746.0,4.761904762,37.3,9.5
144-51-6085,3,269,269,1,3,4,14.148,297.108,282.96,4.761904762,14.148,4.4
731-14-2199,1,270,270,1,1,10,17.77,373.17,355.4,4.761904762,17.77,7.0
783-09-1637,2,271,271,3,1,5,16.8575,354.0075,337.15,4.761904762,16.8575,6.3
687-15-1097,1,272,272,2,2,2,2.112,44.352,42.24,4.761904762,2.112,9.7
126-54-1082,1,273,273,1,3,9,9.693,203.553,193.86,4.761904762,9.693,8.8
633-91-1052,2,274,274,1,2,2,1.203,25.263,24.06,4.761904762,1.203,5.1
477-24-6490,2,275,275,3,1,6,29.913,628.173,598.26,4.761904762,29.913,7.9
566-19-5475,4,276,276,3,2,7,16.7895,352.5795,335.79,4.761904762,16.7895,6.2
526-86-8552,1,277,277,2,2,10,10.91,229.11,218.2,4.761904762,10.91,7.1
376-56-3573,2,278,278,2,1,4,19.084,400.764,381.68,4.761904762,19.084,6.4
537-72-0426,3,279,279,2,2,10,35.495,745.395,709.9,4.761904762,35.495,5.7
828-61-5674,3,280,280,1,3,10,22.01,462.21,440.2,4.761904762,22.01,9.6
136-08-6195,2,281,281,1,3,8,27.984,587.664,559.68,4.761904762,27.984,6.4
523-38-0215,4,282,282,2,3,1,1.85,38.85,37.0,4.761904762,1.85,7.9
490-29-1201,2,283,283,1,2,1,0.767,16.107,15.34,4.761904762,0.767,6.5
667-92-0055,3,284,284,1,1,6,29.949,628.929,598.98,4.761904762,29.949,8.5
565-17-3836,1,285,285,1,2,4,9.534,200.214,190.68,4.761904762,9.534,9.1
498-41-1961,4,286,286,3,2,5,16.67,350.07,333.4,4.761904762,16.67,7.6
593-95-4461,3,287,287,2,2,1,3.743,78.603,74.86,4.761904762,3.743,6.9
226-71-3580,2,288,288,2,2,9,10.6875,224.4375,213.75,4.761904762,10.6875,9.5
283-79-9594,2,289,289,3,3,7,16.9785,356.5485,339.57,4.761904762,16.9785,5.2
430-60-3493,1,290,290,1,2,7,33.208,697.368,664.16,4.761904762,33.208,4.2
139-20-0155,3,291,291,3,3,10,20.15,423.15,403.0,4.761904762,20.15,7.0
558-80-4082,4,292,292,2,1,7,9.7475,204.6975,194.95,4.761904762,9.7475,6.0
278-97-7759,1,293,293,1,2,1,3.124,65.604,62.48,4.761904762,3.124,4.7
316-68-6352,1,294,294,1,2,2,3.636,76.356,72.72,4.761904762,3.636,7.1
585-03-5943,4,295,295,3,1,10,9.055,190.155,181.1,4.761904762,9.055,5.9
211-05-0490,1,296,296,2,2,5,12.98,272.58,259.6,4.761904762,12.98,7.5
727-75-6477,4,297,297,2,2,4,5.768,121.128,115.36,4.761904762,5.768,6.4
744-02-5987,3,298,298,1,1,6,23.514,493.794,470.28,4.761904762,23.514,5.8
307-83-9164,3,299,299,1,2,4,12.002,252.042,240.04,4.761904762,12.002,4.5
779-06-0012,1,300,300,2,2,1,4.4305,93.0405,88.61,4.761904762,4.4305,7.7
446-47-6729,4,301,301,2,3,2,9.982,209.622,199.64,4.761904762,9.982,6.7
573-10-3877,3,302,302,3,3,1,1.9505,40.9605,39.01,4.761904762,1.9505,4.7
735-06-4124,4,303,303,2,2,1,2.4305,51.0405,48.61,4.761904762,2.4305,4.4
439-54-7422,2,304,304,1,3,4,10.238,214.998,204.76,4.761904762,10.238,4.7
396-90-2219,2,305,305,3,2,8,5.984,125.664,119.68,4.761904762,5.984,8.6
411-77-0180,3,306,306,1,1,7,25.27,530.67,505.4,4.761904762,25.27,4.3
286-01-5402,2,307,307,1,2,7,14.0805,295.6905,281.61,4.761904762,14.0805,9.6
803-17-8013,1,308,308,1,2,8,35.516,745.836,710.32,4.761904762,35.516,4.1
512-98-1403,1,309,309,1,1,3,3.972,83.412,79.44,4.761904762,3.972,4.7
848-42-2560,2,310,310,1,2,2,8.191,172.011,163.82,4.761904762,8.191,7.8
532-59-7201,3,311,311,3,2,6,23.979,503.559,479.58,4.761904762,23.979,5.5
181-94-6432,3,312,312,2,1,2,6.933,145.593,138.66,4.761904762,6.933,9.7
870-76-1733,1,313,313,1,3,5,3.5575,74.7075,71.15,4.761904762,3.5575,4.4
423-64-4619,1,314,314,1,2,9,6.9975,146.9475,139.95,4.761904762,6.9975,5.0
227-07-4446,1,315,315,2,2,10,39.065,820.365,781.3,4.761904762,39.065,4.4
174-36-3675,3,316,316,2,2,2,9.937,208.677,198.74,4.761904762,9.937,5.2
428-83-5800,1,317,317,2,2,3,3.162,66.402,63.24,4.761904762,3.162,7.3
603-07-0961,3,318,318,2,2,5,18.6975,392.6475,373.95,4.761904762,18.6975,4.9
704-20-4138,1,319,319,2,3,7,10.3845,218.0745,207.69,4.761904762,10.3845,8.1
787-15-1757,3,320,320,2,1,4,8.814,185.094,176.28,4.761904762,8.814,8.4
649-11-3678,2,321,321,2,2,9,10.3185,216.6885,206.37,4.761904762,10.3185,5.5
622-20-1945,2,322,322,2,2,1,1.971,41.391,39.42,4.761904762,1.971,8.4
372-94-8041,4,323,323,1,1,6,4.578,96.138,91.56,4.761904762,4.578,9.8
563-91-7120,2,324,324,1,2,5,15.4425,324.2925,308.85,4.761904762,15.4425,6.7
746-54-5508,4,325,325,1,3,6,6.456,135.576,129.12,4.761904762,6.456,9.4
276-54-0879,4,326,326,3,1,4,19.548,410.508,390.96,4.761904762,19.548,6.4
815-11-1168,3,327,327,1,2,5,24.945,523.845,498.9,4.761904762,24.945,5.4
719-76-3868,3,328,328,2,2,4,18.852,395.892,377.04,4.761904762,18.852,8.6
730-61-8757,3,329,329,3,3,4,10.226,214.746,204.52,4.761904762,10.226,4.0
340-66-0321,3,330,330,1,2,4,7.272,152.712,145.44,4.761904762,7.272,7.6
868-81-1752,4,331,331,3,2,9,9.909,208.089,198.18,4.761904762,9.909,6.8
634-97-8956,4,332,332,1,3,3,4.935,103.635,98.7,4.761904762,4.935,9.1
566-71-1091,4,333,333,1,2,5,19.255,404.355,385.1,4.761904762,19.255,5.5
442-48-3607,3,334,334,1,3,2,2.348,49.308,46.96,4.761904762,2.348,7.9
835-16-0096,3,335,335,2,1,5,3.675,77.175,73.5,4.761904762,3.675,8.5
527-09-6272,1,336,336,1,3,5,7.1125,149.3625,142.25,4.761904762,7.1125,9.1
898-04-2717,4,337,337,1,1,9,34.38,721.98,687.6,4.761904762,34.38,7.5
692-27-8933,2,338,338,3,2,6,17.385,365.085,347.7,4.761904762,17.385,5.2
633-09-3463,2,339,339,2,3,3,7.1475,150.0975,142.95,4.761904762,7.1475,9.5
374-17-3652,1,340,340,3,3,9,19.269,404.649,385.38,4.761904762,19.269,8.9
378-07-7001,3,341,341,3,3,3,7.2135,151.4835,144.27,4.761904762,7.2135,7.8
433-75-6987,1,342,342,3,1,7,19.5895,411.3795,391.79,4.761904762,19.5895,8.9
873-95-4984,1,343,343,3,2,7,26.915,565.215,538.3,4.761904762,26.915,7.7
416-13-5917,2,344,344,2,1,5,24.2575,509.4075,485.15,4.761904762,24.2575,9.3
150-89-8043,4,345,345,1,2,3,6.6975,140.6475,133.95,4.761904762,6.6975,6.2
135-84-8019,2,346,346,1,1,9,35.0685,736.4385,701.37,4.761904762,35.0685,7.6
441-94-7118,3,347,347,1,2,1,3.5975,75.5475,71.95,4.761904762,3.5975,7.3
725-96-3778,1,348,348,2,2,8,35.7,749.7,714.0,4.761904762,35.7,4.7
531-80-1784,4,349,349,1,2,7,9.107,191.247,182.14,4.761904762,9.107,5.1
400-45-1220,2,350,350,3,3,10,6.75,141.75,135.0,4.761904762,6.75,4.8
860-79-0874,1,351,351,2,3,10,49.65,1042.65,993.0,4.761904762,49.65,6.6
834-61-8124,4,352,352,1,2,7,18.0915,379.9215,361.83,4.761904762,18.0915,5.5
115-99-4379,1,353,353,3,3,7,19.1555,402.2655,383.11,4.761904762,19.1555,8.5
565-67-6697,3,354,354,3,2,9,12.15,255.15,243.0,4.761904762,12.15,4.8
320-49-6392,2,355,355,2,2,1,1.512,31.752,30.24,4.761904762,1.512,8.4
889-04-9723,1,356,356,3,3,4,17.828,374.388,356.56,4.761904762,17.828,7.8
632-90-0281,2,357,357,2,3,10,18.775,394.275,375.5,4.761904762,18.775,9.3
554-42-2417,2,358,358,2,2,10,47.72,1002.12,954.4,4.761904762,47.72,5.2
453-63-6187,4,359,359,3,1,3,4.125,86.625,82.5,4.761904762,4.125,6.5
578-80-7669,4,360,360,3,2,1,3.7485,78.7185,74.97,4.761904762,3.7485,5.6
612-36-5536,3,361,361,1,3,8,32.384,680.064,647.68,4.761904762,32.384,7.4
605-72-4132,2,362,362,2,2,8,37.788,793.548,755.76,4.761904762,37.788,9.1
471-41-2823,4,363,363,2,1,2,9.979,209.559,199.58,4.761904762,9.979,8.0
462-67-9126,4,364,364,1,2,6,21.966,461.286,439.32,4.761904762,21.966,7.2
272-27-9238,2,365,365,2,2,4,8.248,173.208,164.96,4.761904762,8.248,7.1
834-25-9262,2,366,366,2,2,4,16.336,343.056,326.72,4.761904762,16.336,9.1
122-61-9553,2,367,367,2,2,9,23.094,484.974,461.88,4.761904762,23.094,5.6
468-88-0009,3,368,368,1,2,4,13.188,276.948,263.76,4.761904762,13.188,6.0
613-59-9758,2,369,369,2,2,10,7.18,150.78,143.6,4.761904762,7.18,5.4
254-31-0042,3,370,370,1,3,9,9.675,203.175,193.5,4.761904762,9.675,7.8
201-86-2184,1,371,371,3,2,7,9.191,193.011,183.82,4.761904762,9.191,9.9
261-12-8671,2,372,372,3,3,2,6.096,128.016,121.92,4.761904762,6.096,4.9
730-70-9830,2,373,373,2,1,6,21.033,441.693,420.66,4.761904762,21.033,5.2
382-25-8917,4,374,374,2,2,6,12.624,265.104,252.48,4.761904762,12.624,8.9
422-29-8786,2,375,375,1,3,5,16.7725,352.2225,335.45,4.761904762,16.7725,9.1
667-23-5919,1,376,376,1,1,5,24.175,507.675,483.5,4.761904762,24.175,7.0
843-01-4703,1,377,377,3,3,9,15.921,334.341,318.42,4.761904762,15.921,9.6
743-88-1662,4,378,378,2,1,7,33.4215,701.8515,668.43,4.761904762,33.4215,8.7
595-86-2894,3,379,379,2,1,4,19.396,407.316,387.92,4.761904762,19.396,9.4
182-69-8360,2,380,380,3,3,4,4.73,99.33,94.6,4.761904762,4.73,4.0
289-15-7034,3,381,381,1,3,4,16.466,345.786,329.32,4.761904762,16.466,7.5
462-78-5240,2,382,382,2,2,2,2.661,55.881,53.22,4.761904762,2.661,4.2
868-52-7573,2,383,383,3,2,5,24.9225,523.3725,498.45,4.761904762,24.9225,9.9
153-58-4872,1,384,384,2,1,4,14.978,314.538,299.56,4.761904762,14.978,4.2
662-72-2873,2,385,385,1,1,5,10.235,214.935,204.7,4.761904762,10.235,9.9
525-88-7307,3,386,386,3,2,1,3.791,79.611,75.82,4.761904762,3.791,5.8
689-16-9784,4,387,387,2,2,6,14.031,294.651,280.62,4.761904762,14.031,6.0
725-56-0833,2,388,388,1,3,10,16.16,339.36,323.2,4.761904762,16.16,10.0
394-41-0748,1,389,389,2,1,9,24.3315,510.9615,486.63,4.761904762,24.3315,9.5
596-42-3999,4,390,390,3,3,7,6.377,133.917,127.54,4.761904762,6.377,6.6
541-89-9860,1,391,391,2,2,3,12.072,253.512,241.44,4.761904762,12.072,8.1
173-82-9529,2,392,392,3,2,10,18.975,398.475,379.5,4.761904762,18.975,9.7
563-36-9814,3,393,393,1,1,1,3.841,80.661,76.82,4.761904762,3.841,7.2
308-47-4913,1,394,394,1,3,10,26.13,548.73,522.6,4.761904762,26.13,6.2
885-17-6250,2,395,395,1,1,1,3.987,83.727,79.74,4.761904762,3.987,7.3
726-27-2396,2,396,396,1,1,5,19.375,406.875,387.5,4.761904762,19.375,4.3
316-01-3952,2,397,397,1,1,5,13.5675,284.9175,271.35,4.761904762,13.5675,4.6
760-54-1821,4,398,398,3,2,9,6.1155,128.4255,122.31,4.761904762,6.1155,5.8
793-10-3222,1,399,399,3,3,6,12.318,258.678,246.36,4.761904762,12.318,8.3
346-12-3257,3,400,400,3,2,9,8.658,181.818,173.16,4.761904762,8.658,8.0
110-05-6330,2,401,401,2,3,6,11.829,248.409,236.58,4.761904762,11.829,9.4
651-61-0874,4,402,402,2,3,4,9.244,194.124,184.88,4.761904762,9.244,6.2
236-86-3015,3,403,403,2,1,1,0.699,14.679,13.98,4.761904762,0.699,9.8
831-64-0259,2,404,404,3,1,5,9.9375,208.6875,198.75,4.761904762,9.9375,9.6
587-03-7455,1,405,405,2,1,7,34.2265,718.7565,684.53,4.761904762,34.2265,4.9
882-40-4577,3,406,406,1,3,4,13.452,282.492,269.04,4.761904762,13.452,8.0
732-67-5346,4,407,407,1,3,5,3.4475,72.3975,68.95,4.761904762,3.4475,7.8
725-32-9708,1,408,408,3,2,4,13.742,288.582,274.84,4.761904762,13.742,4.1
256-08-8343,2,409,409,1,1,4,11.306,237.426,226.12,4.761904762,11.306,5.5
372-26-1506,2,410,410,2,1,5,5.955,125.055,119.1,4.761904762,5.955,5.4
244-08-0162,2,411,411,3,2,10,17.105,359.205,342.1,4.761904762,17.105,5.1
569-71-4390,4,412,412,3,1,2,2.187,45.927,43.74,4.761904762,2.187,6.9
132-23-6451,3,413,413,1,2,5,5.2425,110.0925,104.85,4.761904762,5.2425,7.8
696-90-2548,4,414,414,1,1,3,3.876,81.396,77.52,4.761904762,3.876,6.6
472-15-9636,4,415,415,1,1,8,20.372,427.812,407.44,4.761904762,20.372,9.2
268-03-6164,4,416,416,3,1,1,4.8055,100.9155,96.11,4.761904762,4.8055,7.8
750-57-9686,2,417,417,2,3,4,9.076,190.596,181.52,4.761904762,9.076,8.7
186-09-3669,1,418,418,2,1,1,4.0755,85.5855,81.51,4.761904762,4.0755,9.2
848-07-1692,2,419,419,3,1,2,5.722,120.162,114.44,4.761904762,5.722,8.3
745-71-3520,1,420,420,1,2,7,8.827,185.367,176.54,4.761904762,8.827,8.2
266-76-6436,1,421,421,2,1,3,5.79,121.59,115.8,4.761904762,5.79,7.5
740-22-2500,2,422,422,2,2,3,12.6075,264.7575,252.15,4.761904762,12.6075,9.8
271-88-8734,1,423,423,2,3,10,48.605,1020.705,972.1,4.761904762,48.605,8.7
301-81-8610,3,424,424,3,3,8,10.168,213.528,203.36,4.761904762,10.168,6.7
489-64-4354,4,425,425,2,2,1,0.814,17.094,16.28,4.761904762,0.814,5.0
198-84-7132,3,426,426,3,2,9,18.2745,383.7645,365.49,4.761904762,18.2745,7.0
269-10-8440,3,427,427,1,2,7,18.6095,390.7995,372.19,4.761904762,18.6095,8.9
650-98-6268,1,428,428,3,3,3,3.1305,65.7405,62.61,4.761904762,3.1305,8.0
741-73-3559,4,429,429,3,2,5,16.8175,353.1675,336.35,4.761904762,16.8175,6.9
325-77-6186,1,430,430,1,1,10,45.325,951.825,906.5,4.761904762,45.325,7.3
286-75-7818,4,431,431,3,3,2,6.908,145.068,138.16,4.761904762,6.908,6.9
574-57-9721,4,432,432,2,1,2,4.327,90.867,86.54,4.761904762,4.327,5.7
459-50-7686,2,433,433,1,1,6,7.038,147.798,140.76,4.761904762,7.038,6.4
616-87-0016,4,434,434,3,3,7,33.439,702.219,668.78,4.761904762,33.439,9.6
837-55-7229,2,435,435,3,3,1,2.372,49.812,47.44,4.761904762,2.372,6.8
751-69-0068,4,436,436,2,1,9,44.658,937.818,893.16,4.761904762,44.658,9.0
257-73-1380,3,437,437,2,1,4,16.586,348.306,331.72,4.761904762,16.586,9.6
345-08-4992,4,438,438,1,3,6,10.197,214.137,203.94,4.761904762,10.197,7.7
549-96-4200,3,439,439,2,1,4,3.408,71.568,68.16,4.761904762,3.408,7.0
810-60-6344,2,440,440,2,3,8,16.344,343.224,326.88,4.761904762,16.344,6.5
450-28-2866,3,441,441,2,2,5,4.36,91.56,87.2,4.761904762,4.36,8.1
394-30-3170,1,442,442,3,3,8,35.372,742.812,707.44,4.761904762,35.372,4.3
138-17-5109,1,443,443,1,3,9,40.1445,843.0345,802.89,4.761904762,40.1445,6.5
192-98-7397,4,444,444,2,1,1,0.639,13.419,12.78,4.761904762,0.639,9.5
301-11-9629,2,445,445,1,2,7,6.685,140.385,133.7,4.761904762,6.685,9.7
390-80-5128,1,446,446,3,3,1,0.9575,20.1075,19.15,4.761904762,0.9575,9.5
235-46-8343,3,447,447,2,3,10,13.83,290.43,276.6,4.761904762,13.83,8.9
453-12-7053,4,448,448,2,3,3,6.861,144.081,137.22,4.761904762,6.861,6.5
296-11-7041,1,449,449,3,3,1,1.3535,28.4235,27.07,4.761904762,1.3535,5.3
449-27-2918,1,450,450,3,3,1,1.956,41.076,39.12,4.761904762,1.956,9.6
891-01-7034,2,451,451,3,2,6,22.413,470.673,448.26,4.761904762,22.413,6.7
744-09-5786,4,452,452,3,2,6,6.603,138.663,132.06,4.761904762,6.603,7.6
727-17-0390,2,453,453,1,1,5,15.9025,333.9525,318.05,4.761904762,15.9025,4.8
568-88-3448,4,454,454,1,1,1,1.25,26.25,25.0,4.761904762,1.25,5.5
187-83-5490,3,455,455,1,2,4,4.154,87.234,83.08,4.761904762,4.154,4.7
767-54-1907,1,456,456,3,2,5,7.39,155.19,147.8,4.761904762,7.39,6.9
710-46-4433,1,457,457,3,3,9,34.83,731.43,696.6,4.761904762,34.83,4.5
533-33-5337,4,458,458,3,2,10,39.695,833.595,793.9,4.761904762,39.695,6.2
325-90-8763,1,459,459,2,2,10,23.285,488.985,465.7,4.761904762,23.285,7.6
729-46-7422,4,460,460,2,3,1,1.7945,37.6845,35.89,4.761904762,1.7945,7.9
639-76-1242,4,461,461,2,2,5,10.13,212.73,202.6,4.761904762,10.13,4.5
234-03-4040,1,462,462,3,3,10,36.525,767.025,730.5,4.761904762,36.525,8.7
326-71-2155,2,463,463,2,2,4,14.79,310.59,295.8,4.761904762,14.79,6.1
320-32-8842,1,464,464,2,2,1,1.131,23.751,22.62,4.761904762,1.131,6.4
470-32-9057,3,465,465,1,3,5,12.835,269.535,256.7,4.761904762,12.835,9.1
878-30-2331,1,466,466,2,3,10,27.275,572.775,545.5,4.761904762,27.275,7.1
440-59-5691,1,467,467,2,3,7,13.0025,273.0525,260.05,4.761904762,13.0025,7.7
554-53-3790,4,468,468,3,2,6,11.106,233.226,222.12,4.761904762,11.106,4.5
746-19-0921,4,469,469,2,1,1,1.079,22.659,21.58,4.761904762,1.079,7.2
233-34-0817,1,470,470,2,2,1,4.942,103.782,98.84,4.761904762,4.942,8.4
767-05-1286,1,471,471,2,1,6,25.131,527.751,502.62,4.761904762,25.131,5.4
340-21-9136,1,472,472,1,2,4,8.01,168.21,160.2,4.761904762,8.01,9.7
405-31-3305,3,473,473,1,3,10,21.565,452.865,431.3,4.761904762,21.565,5.5
731-59-7531,3,474,474,3,2,8,29.028,609.588,580.56,4.761904762,29.028,4.6
676-39-6028,1,475,475,1,2,5,16.11,338.31,322.2,4.761904762,16.11,6.6
502-05-1910,4,476,476,1,3,3,9.777,205.317,195.54,4.761904762,9.777,6.3
485-30-8700,2,477,477,1,3,5,8.315,174.615,166.3,4.761904762,8.315,4.2
598-47-9715,4,478,478,2,1,4,16.814,353.094,336.28,4.761904762,16.814,4.4
701-69-8742,4,479,479,3,1,10,17.185,360.885,343.7,4.761904762,17.185,6.7
575-67-1508,4,480,480,1,1,1,1.93,40.53,38.6,4.761904762,1.93,6.7
541-08-3113,4,481,481,2,2,8,26.388,554.148,527.76,4.761904762,26.388,8.4
246-11-3901,2,482,482,2,2,10,16.4,344.4,328.0,4.761904762,16.4,6.2
674-15-9296,4,483,483,1,1,5,9.285,194.985,185.7,4.761904762,9.285,5.0
305-18-3552,3,484,484,3,2,10,30.19,633.99,603.8,4.761904762,30.19,6.0
493-65-6248,1,485,485,2,3,10,18.49,388.29,369.8,4.761904762,18.49,7.0
438-01-4015,1,486,486,3,1,4,9.898,207.858,197.96,4.761904762,9.898,6.6
709-58-4068,2,487,487,3,2,10,20.545,431.445,410.9,4.761904762,20.545,7.3
795-49-7276,4,488,488,1,1,4,7.43,156.03,148.6,4.761904762,7.43,8.3
556-72-8512,4,489,489,2,2,1,1.148,24.108,22.96,4.761904762,1.148,4.3
627-95-3243,1,490,490,3,1,9,34.956,734.076,699.12,4.761904762,34.956,9.8
686-41-0932,2,491,491,3,1,2,3.47,72.87,69.4,4.761904762,3.47,8.2
510-09-5628,1,492,492,1,3,10,9.83,206.43,196.6,4.761904762,9.83,7.2
608-04-3797,1,493,493,3,1,8,10.128,212.688,202.56,4.761904762,10.128,8.7
148-82-2527,1,494,494,2,3,10,6.06,127.26,121.2,4.761904762,6.06,8.4
437-53-3084,4,495,495,3,1,2,9.989,209.769,199.78,4.761904762,9.989,7.1
632-32-4574,4,496,496,3,2,8,30.368,637.728,607.36,4.761904762,30.368,5.5
556-97-7101,2,497,497,2,2,2,6.322,132.762,126.44,4.761904762,6.322,8.5
862-59-8517,2,498,498,2,2,6,27.072,568.512,541.44,4.761904762,27.072,6.2
401-18-8016,1,499,499,3,2,1,4.9065,103.0365,98.13,4.761904762,4.9065,8.9
420-18-8989,1,500,500,1,2,8,20.608,432.768,412.16,4.761904762,20.608,9.6
277-63-2961,3,501,501,3,3,1,3.6985,77.6685,73.97,4.761904762,3.6985,5.4
573-98-8548,1,502,502,2,1,1,1.595,33.495,31.9,4.761904762,1.595,9.1
620-02-2046,4,503,503,2,1,2,6.94,145.74,138.8,4.761904762,6.94,9.0
282-35-2475,2,504,504,3,2,2,9.331,195.951,186.62,4.761904762,9.331,6.3
511-54-3087,4,505,505,3,3,1,4.4225,92.8725,88.45,4.761904762,4.4225,9.5
726-29-6793,3,506,506,1,1,8,9.672,203.112,193.44,4.761904762,9.672,9.8
387-49-4215,1,507,507,3,2,3,7.275,152.775,145.5,4.761904762,7.275,6.7
862-17-9201,2,508,508,3,3,6,25.215,529.515,504.3,4.761904762,25.215,7.7
291-21-5991,3,509,509,3,2,5,15.3225,321.7725,306.45,4.761904762,15.3225,7.0
602-80-9671,1,510,510,2,3,6,4.785,100.485,95.7,4.761904762,4.785,5.1
347-72-6115,1,511,511,3,3,7,31.759,666.939,635.18,4.761904762,31.759,6.2
209-61-0206,2,512,512,1,1,5,10.7275,225.2775,214.55,4.761904762,10.7275,6.1
595-27-4851,2,513,513,1,1,7,18.998,398.958,379.96,4.761904762,18.998,9.3
189-52-0236,4,514,514,1,2,7,34.8425,731.6925,696.85,4.761904762,34.8425,7.6
503-07-0930,3,515,515,2,3,7,20.4365,429.1665,408.73,4.761904762,20.4365,8.2
413-20-6708,1,516,516,2,1,1,2.5735,54.0435,51.47,4.761904762,2.5735,8.5
425-85-2085,3,517,517,3,1,5,13.715,288.015,274.3,4.761904762,13.715,9.8
521-18-7827,3,518,518,2,3,5,9.8475,206.7975,196.95,4.761904762,9.8475,8.7
220-28-1851,4,519,519,1,1,2,3.473,72.933,69.46,4.761904762,3.473,9.7
600-38-9738,3,520,520,2,3,5,17.98,377.58,359.6,4.761904762,17.98,4.3
734-91-1155,2,521,521,3,3,3,6.8565,143.9865,137.13,4.761904762,6.8565,7.7
451-28-5717,1,522,522,2,2,6,24.951,523.971,499.02,4.761904762,24.951,7.3
609-81-8548,1,523,523,1,3,6,11.232,235.872,224.64,4.761904762,11.232,5.9
133-14-7229,4,524,524,2,2,2,6.287,132.027,125.74,4.761904762,6.287,5.0
534-01-4457,4,525,525,1,3,6,24.513,514.773,490.26,4.761904762,24.513,8.0
719-89-8991,1,526,526,1,1,5,22.8525,479.9025,457.05,4.761904762,22.8525,7.1
286-62-6248,4,527,527,3,3,4,7.842,164.682,156.84,4.761904762,7.842,9.0
339-38-9982,3,528,528,3,1,2,5.986,125.706,119.72,4.761904762,5.986,6.7
827-44-5872,1,529,58,3,3,10,27.18,570.78,543.6,4.761904762,27.18,6.1
827-77-7633,4,530,529,1,2,9,44.1405,926.9505,882.81,4.761904762,44.1405,9.3
287-83-1405,4,531,530,1,1,6,7.629,160.209,152.58,4.761904762,7.629,7.0
435-13-4908,3,532,531,1,3,8,34.672,728.112,693.44,4.761904762,34.672,7.2
857-67-9057,4,533,532,3,1,10,11.475,240.975,229.5,4.761904762,11.475,8.2
236-27-1144,2,534,533,2,1,9,7.3395,154.1295,146.79,4.761904762,7.3395,8.4
892-05-6689,2,535,534,1,1,5,7.08,148.68,141.6,4.761904762,7.08,6.2
583-41-4548,4,536,535,2,1,7,5.8345,122.5245,116.69,4.761904762,5.8345,7.4
339-12-4827,1,537,536,3,3,1,3.698,77.658,73.96,4.761904762,3.698,5.0
643-38-7867,4,538,537,1,1,1,4.897,102.837,97.94,4.761904762,4.897,6.9
308-81-0538,2,539,538,1,3,4,14.61,306.81,292.2,4.761904762,14.61,4.9
358-88-9262,1,540,539,2,1,6,26.244,551.124,524.88,4.761904762,26.244,5.1
460-35-4390,4,541,540,1,1,3,4.602,96.642,92.04,4.761904762,4.602,9.1
343-87-0864,3,542,541,2,3,1,3.794,79.674,75.88,4.761904762,3.794,7.1
173-50-1108,1,543,542,3,3,4,4.036,84.756,80.72,4.761904762,4.036,5.0
243-47-2663,3,544,543,2,3,6,5.631,118.251,112.62,4.761904762,5.631,5.5
841-18-8232,2,545,544,3,3,1,3.56,74.76,71.2,4.761904762,3.56,9.2
701-23-5550,3,546,545,3,1,4,7.762,163.002,155.24,4.761904762,7.762,4.9
647-50-1224,2,547,546,1,1,10,14.71,308.91,294.2,4.761904762,14.71,8.9
541-48-8554,4,548,547,1,3,9,27.4275,575.9775,548.55,4.761904762,27.4275,6.0
539-21-7227,2,549,548,3,2,5,12.885,270.585,257.7,4.761904762,12.885,4.2
213-32-1216,2,550,549,1,2,6,19.818,416.178,396.36,4.761904762,19.818,7.3
747-58-7183,4,551,550,3,1,3,8.5905,180.4005,171.81,4.761904762,8.5905,6.5
582-52-8065,2,552,551,3,2,9,24.4395,513.2295,488.79,4.761904762,24.4395,8.9
210-57-1719,2,553,552,3,2,9,26.208,550.368,524.16,4.761904762,26.208,9.7
399-69-4630,4,554,553,2,3,6,6.663,139.923,133.26,4.761904762,6.663,8.6
134-75-2619,3,555,554,1,2,7,6.762,142.002,135.24,4.761904762,6.762,6.9
356-44-8813,4,556,555,3,3,3,5.622,118.062,112.44,4.761904762,5.622,7.7
198-66-9832,1,557,556,3,2,2,7.204,151.284,144.08,4.761904762,7.204,9.5
283-26-5248,1,558,557,2,1,10,49.26,1034.46,985.2,4.761904762,49.26,4.5
712-39-0363,3,559,558,1,1,6,12.498,262.458,249.96,4.761904762,12.498,5.6
218-59-9410,1,560,559,1,1,3,10.863,228.123,217.26,4.761904762,10.863,8.2
174-75-0888,4,561,560,3,2,9,9.711,203.931,194.22,4.761904762,9.711,7.3
866-99-7614,4,562,561,2,3,10,44.6,936.6,892.0,4.761904762,44.6,4.4
134-54-4720,2,563,562,3,1,8,16.968,356.328,339.36,4.761904762,16.968,5.7
760-90-2357,3,564,563,1,1,6,22.353,469.413,447.06,4.761904762,22.353,5.0
514-37-2845,4,565,564,3,2,2,9.925,208.425,198.5,4.761904762,9.925,9.0
698-98-5964,2,566,565,1,3,10,40.605,852.705,812.1,4.761904762,40.605,6.3
718-57-9773,2,567,566,2,3,10,24.665,517.965,493.3,4.761904762,24.665,9.4
651-88-7328,2,568,567,1,2,9,29.583,621.243,591.66,4.761904762,29.583,7.7
241-11-2261,2,569,568,3,3,7,27.951,586.971,559.02,4.761904762,27.951,5.5
408-26-9866,2,570,569,2,1,7,25.893,543.753,517.86,4.761904762,25.893,4.1
834-83-1826,1,571,538,3,3,5,20.51,430.71,410.2,4.761904762,20.51,7.6
343-61-3544,3,572,570,3,2,10,13.335,280.035,266.7,4.761904762,13.335,8.6
239-48-4278,3,573,571,1,1,7,3.5455,74.4555,70.91,4.761904762,3.5455,8.3
355-34-6244,4,574,572,3,3,2,7.239,152.019,144.78,4.761904762,7.239,8.1
550-84-8664,4,575,573,1,3,5,21.4775,451.0275,429.55,4.761904762,21.4775,8.6
339-96-8318,3,576,574,3,1,7,28.4585,597.6285,569.17,4.761904762,28.4585,6.3
458-61-0011,4,577,575,3,2,4,12.06,253.26,241.2,4.761904762,12.06,5.8
592-34-6155,4,578,576,2,1,4,6.354,133.434,127.08,4.761904762,6.354,6.2
797-88-0493,2,579,577,1,2,4,12.854,269.934,257.08,4.761904762,12.854,7.7
207-73-1363,4,580,578,3,1,2,6.951,145.971,139.02,4.761904762,6.951,8.1
390-31-6381,4,581,579,2,2,3,4.083,85.743,81.66,4.761904762,4.083,7.3
443-82-0585,1,582,580,1,2,4,15.536,326.256,310.72,4.761904762,15.536,8.4
339-18-7061,1,583,581,2,3,2,9.298,195.258,185.96,4.761904762,9.298,8.0
359-90-3665,1,584,582,3,3,4,3.616,75.936,72.32,4.761904762,3.616,9.5
375-72-3056,4,585,583,3,1,3,9.459,198.639,189.18,4.761904762,9.459,7.0
127-47-6963,4,586,584,1,3,4,10.342,217.182,206.84,4.761904762,10.342,9.8
278-86-2735,2,587,585,1,2,3,7.851,164.871,157.02,4.761904762,7.851,9.2
695-28-6250,2,588,586,1,1,5,10.765,226.065,215.3,4.761904762,10.765,7.7
379-17-6588,4,589,587,2,2,10,29.805,625.905,596.1,4.761904762,29.805,5.3
227-50-3718,4,590,588,1,2,5,3.655,76.755,73.1,4.761904762,3.655,4.4
302-15-2162,3,591,589,2,3,6,13.959,293.139,279.18,4.761904762,13.959,4.3
788-07-8452,1,592,590,2,1,7,8.484,178.164,169.68,4.761904762,8.484,9.4
560-49-6611,1,593,591,1,2,1,2.279,47.859,45.58,4.761904762,2.279,9.8
880-35-0356,1,594,592,1,1,3,11.28,236.88,225.6,4.761904762,11.28,4.8
585-11-6748,3,595,593,3,2,3,14.52,304.92,290.4,4.761904762,14.52,5.3
470-31-3286,4,596,594,3,3,3,2.223,46.683,44.46,4.761904762,2.223,8.7
152-68-2907,4,597,595,1,3,3,7.83,164.43,156.6,4.761904762,7.83,9.5
123-35-4896,2,598,596,2,1,9,20.997,440.937,419.94,4.761904762,20.997,5.3
258-69-7810,2,599,597,2,2,5,9.2125,193.4625,184.25,4.761904762,9.2125,9.2
334-64-2006,1,600,598,1,1,2,7.032,147.672,140.64,4.761904762,7.032,9.6
219-61-4139,4,601,599,2,1,1,4.154,87.234,83.08,4.761904762,4.154,6.4
881-41-7302,2,602,600,2,3,1,3.2495,68.2395,64.99,4.761904762,3.2495,4.5
373-09-4567,4,603,601,2,1,10,38.78,814.38,775.6,4.761904762,38.78,6.9
642-30-6693,2,604,602,3,1,6,16.353,343.413,327.06,4.761904762,16.353,7.8
484-22-8230,1,605,603,2,2,7,18.1615,381.3915,363.23,4.761904762,18.1615,4.5
830-58-2383,4,606,604,3,2,4,6.35,133.35,127.0,4.761904762,6.35,8.6
559-98-9873,1,607,605,1,1,7,18.7775,394.3275,375.55,4.761904762,18.7775,5.2
544-32-5024,1,608,606,2,3,4,9.958,209.118,199.16,4.761904762,9.958,6.4
318-12-0304,4,609,607,1,1,1,1.5305,32.1405,30.61,4.761904762,1.5305,5.2
349-97-8902,3,610,608,3,1,2,5.789,121.569,115.78,4.761904762,5.789,8.9
421-95-9805,2,611,609,1,3,1,1.448,30.408,28.96,4.761904762,1.448,6.2
277-35-5865,1,612,610,2,2,9,44.5365,935.2665,890.73,4.761904762,44.5365,6.7
789-23-8625,3,613,611,3,2,3,13.983,293.643,279.66,4.761904762,13.983,7.2
284-54-4231,3,614,612,2,3,1,4.0465,84.9765,80.93,4.761904762,4.0465,9.0
443-59-0061,3,615,613,1,1,10,33.725,708.225,674.5,4.761904762,33.725,4.2
509-29-3912,1,616,614,1,1,9,17.424,365.904,348.48,4.761904762,17.424,4.2
327-40-9673,3,617,615,3,2,6,21.78,457.38,435.6,4.761904762,21.78,6.9
840-19-2096,3,618,616,2,1,5,21.9775,461.5275,439.55,4.761904762,21.9775,4.4
828-46-6863,3,619,617,1,3,6,29.559,620.739,591.18,4.761904762,29.559,4.0
641-96-3695,1,620,618,2,1,6,13.038,273.798,260.76,4.761904762,13.038,8.5
420-97-3340,2,621,619,1,3,3,10.752,225.792,215.04,4.761904762,10.752,9.2
436-54-4512,1,622,620,1,2,1,4.5805,96.1905,91.61,4.761904762,4.5805,9.8
670-79-6321,1,623,621,3,3,7,33.1065,695.2365,662.13,4.761904762,33.1065,4.9
852-62-7105,2,624,622,3,3,10,41.625,874.125,832.5,4.761904762,41.625,4.4
598-06-7312,3,625,623,3,2,1,4.5675,95.9175,91.35,4.761904762,4.5675,6.8
135-13-8269,1,626,624,3,2,2,7.888,165.648,157.76,4.761904762,7.888,9.1
816-57-2053,4,627,625,1,1,2,6.087,127.827,121.74,4.761904762,6.087,8.7
628-90-8624,3,628,626,3,2,10,41.29,867.09,825.8,4.761904762,41.29,5.0
856-66-2701,3,629,627,1,1,3,7.995,167.895,159.9,4.761904762,7.995,7.5
308-39-1707,2,630,628,1,3,1,0.6045,12.6945,12.09,4.761904762,0.6045,8.2
149-61-1929,4,631,629,1,3,10,32.095,673.995,641.9,4.761904762,32.095,6.7
655-07-2265,4,632,630,1,1,3,11.7465,246.6765,234.93,4.761904762,11.7465,5.4
589-02-8023,3,633,631,1,3,2,8.377,175.917,167.54,4.761904762,8.377,7.0
420-04-7590,4,634,632,3,1,3,14.955,314.055,299.1,4.761904762,14.955,4.7
182-88-2763,3,635,633,3,3,3,11.9865,251.7165,239.73,4.761904762,11.9865,5.0
188-55-0967,3,636,634,3,3,10,33.235,697.935,664.7,4.761904762,33.235,5.0
610-46-4100,4,637,635,1,3,7,10.1325,212.7825,202.65,4.761904762,10.1325,6.0
318-81-2368,2,638,636,2,2,1,2.31,48.51,46.2,4.761904762,2.31,6.3
364-33-8584,1,639,637,3,2,5,4.4075,92.5575,88.15,4.761904762,4.4075,8.5
665-63-9737,4,640,638,3,1,3,7.863,165.123,157.26,4.761904762,7.863,7.5
695-09-5146,1,641,639,3,1,3,14.8185,311.1885,296.37,4.761904762,14.8185,6.4
155-45-3814,1,642,640,2,1,8,35.42,743.82,708.4,4.761904762,35.42,4.7
794-32-2436,3,643,641,3,1,2,5.567,116.907,111.34,4.761904762,5.567,6.0
131-15-8856,1,644,642,2,3,8,29.008,609.168,580.16,4.761904762,29.008,4.0
273-84-2164,3,645,643,2,1,5,3.0125,63.2625,60.25,4.761904762,3.0125,5.5
706-36-6154,3,646,644,1,1,9,8.712,182.952,174.24,4.761904762,8.712,8.7
778-89-7974,4,647,645,2,2,6,21.063,442.323,421.26,4.761904762,21.063,7.4
574-31-8277,3,648,646,3,2,1,1.6815,35.3115,33.63,4.761904762,1.6815,5.6
859-71-0933,1,649,647,2,2,2,1.549,32.529,30.98,4.761904762,1.549,6.3
740-11-5257,4,650,648,2,2,10,12.37,259.77,247.4,4.761904762,12.37,7.1
369-82-2676,4,651,649,3,1,5,18.915,397.215,378.3,4.761904762,18.915,7.8
563-47-4072,2,652,650,3,2,6,16.743,351.603,334.86,4.761904762,16.743,9.9
742-04-5161,3,653,651,1,2,10,36.39,764.19,727.8,4.761904762,36.39,7.3
149-15-7606,3,654,652,3,1,9,16.794,352.674,335.88,4.761904762,16.794,5.1
133-77-3154,3,655,653,3,3,4,12.036,252.756,240.72,4.761904762,12.036,9.4
169-52-4504,2,656,654,1,3,3,2.3535,49.4235,47.07,4.761904762,2.3535,5.8
250-81-7186,2,657,655,2,3,1,4.9845,104.6745,99.69,4.761904762,4.9845,8.0
562-12-5430,1,658,656,1,1,3,13.2225,277.6725,264.45,4.761904762,13.2225,7.9
816-72-8853,1,659,657,1,2,5,6.9825,146.6325,139.65,4.761904762,6.9825,5.9
491-38-3499,3,660,658,1,3,1,2.7725,58.2225,55.45,4.761904762,2.7725,4.9
322-02-2271,2,661,659,3,2,3,6.4455,135.3555,128.91,4.761904762,6.4455,9.3
842-29-4695,3,662,660,2,3,7,5.999,125.979,119.98,4.761904762,5.999,7.9
725-67-2480,1,663,661,3,3,6,17.625,370.125,352.5,4.761904762,17.625,5.9
641-51-2661,1,664,662,2,3,10,43.55,914.55,871.0,4.761904762,43.55,9.9
714-02-3114,2,665,663,2,2,2,9.88,207.48,197.6,4.761904762,9.88,7.7
518-17-2983,2,666,664,1,1,4,9.726,204.246,194.52,4.761904762,9.726,7.6
779-42-2410,3,667,665,3,1,3,8.661,181.881,173.22,4.761904762,8.661,7.7
190-14-3147,2,668,666,3,1,4,3.594,75.474,71.88,4.761904762,3.594,6.4
408-66-6712,1,669,667,2,1,6,14.313,300.573,286.26,4.761904762,14.313,4.4
679-22-6530,2,670,668,3,3,2,4.062,85.302,81.24,4.761904762,4.062,4.1
588-47-8641,3,671,669,1,1,10,28.02,588.42,560.4,4.761904762,28.02,4.4
642-61-4706,3,672,670,3,2,2,9.34,196.14,186.8,4.761904762,9.34,5.5
576-31-4774,2,673,671,3,1,3,11.0115,231.2415,220.23,4.761904762,11.0115,4.0
556-41-6224,4,674,672,2,3,8,13.456,282.576,269.12,4.761904762,13.456,9.3
811-03-8790,2,675,673,1,3,10,22.74,477.54,454.8,4.761904762,22.74,4.8
242-11-3142,3,676,674,3,2,2,8.377,175.917,167.54,4.761904762,8.377,4.6
752-23-3760,1,677,675,3,3,7,22.428,470.988,448.56,4.761904762,22.428,7.3
274-05-5470,1,678,676,1,2,4,14.694,308.574,293.88,4.761904762,14.694,6.0
648-94-3045,4,679,677,2,1,10,29.475,618.975,589.5,4.761904762,29.475,8.1
130-67-4723,3,680,678,1,1,6,14.55,305.55,291.0,4.761904762,14.55,9.4
528-87-5606,1,681,679,3,2,1,1.974,41.454,39.48,4.761904762,1.974,6.5
320-85-2052,2,682,680,3,3,1,1.7405,36.5505,34.81,4.761904762,1.7405,7.0
370-96-0655,2,683,681,2,1,6,14.796,310.716,295.92,4.761904762,14.796,7.1
105-10-6182,3,684,682,1,1,2,2.148,45.108,42.96,4.761904762,2.148,6.6
510-79-0415,1,685,683,3,1,6,6.924,145.404,138.48,4.761904762,6.924,4.9
241-96-5076,1,686,684,3,3,2,4.91,103.11,98.2,4.761904762,4.91,6.4
767-97-4650,1,687,685,3,3,2,6.483,136.143,129.66,4.761904762,6.483,8.0
648-83-1321,3,688,686,1,2,10,31.78,667.38,635.6,4.761904762,31.78,4.3
173-57-2300,3,689,687,2,2,2,7.288,153.048,145.76,4.761904762,7.288,6.1
305-03-2383,2,690,688,1,2,3,10.065,211.365,201.3,4.761904762,10.065,7.5
394-55-6384,1,691,689,2,2,9,31.5855,663.2955,631.71,4.761904762,31.5855,6.7
266-20-6657,3,692,690,2,1,7,19.264,404.544,385.28,4.761904762,19.264,5.2
689-05-1884,3,693,691,1,2,10,24.315,510.615,486.3,4.761904762,24.315,8.8
196-01-2849,1,694,692,2,2,7,25.683,539.343,513.66,4.761904762,25.683,9.5
372-62-5264,2,695,693,2,2,9,23.67,497.07,473.4,4.761904762,23.67,7.6
800-09-8606,1,696,694,1,2,5,21.8425,458.6925,436.85,4.761904762,21.8425,6.6
182-52-7000,1,697,695,1,1,4,5.408,113.568,108.16,4.761904762,5.408,6.9
826-58-8051,4,698,696,3,1,4,12.438,261.198,248.76,4.761904762,12.438,4.3
868-06-0466,3,699,697,1,3,9,31.311,657.531,626.22,4.761904762,31.311,7.8
751-41-9720,4,700,698,2,1,10,48.75,1023.75,975.0,4.761904762,48.75,8.0
626-43-7888,2,701,699,2,1,8,24.164,507.444,483.28,4.761904762,24.164,9.6
176-64-7711,4,702,700,3,3,3,4.848,101.808,96.96,4.761904762,4.848,4.3
191-29-0321,1,703,701,3,3,10,9.885,207.585,197.7,4.761904762,9.885,5.0
729-06-2010,3,704,702,3,2,9,36.2115,760.4415,724.23,4.761904762,36.2115,9.2
640-48-5028,1,705,703,3,2,9,39.7755,835.2855,795.51,4.761904762,39.7755,6.3
186-79-9562,4,706,704,3,2,7,25.1195,527.5095,502.39,4.761904762,25.1195,8.9
834-45-5519,2,707,705,3,1,4,8.6,180.6,172.0,4.761904762,8.6,7.6
162-65-8559,3,708,706,2,2,1,3.449,72.429,68.98,4.761904762,3.449,4.8
760-27-5490,4,709,707,2,1,8,6.248,131.208,124.96,4.761904762,6.248,9.1
445-30-9252,4,710,708,1,1,3,3.855,80.955,77.1,4.761904762,3.855,6.1
786-94-2700,3,711,709,1,2,6,24.186,507.906,483.72,4.761904762,24.186,9.1
728-88-7867,1,712,710,2,1,4,15.106,317.226,302.12,4.761904762,15.106,8.3
183-21-3799,2,713,711,2,1,9,34.9335,733.6035,698.67,4.761904762,34.9335,7.2
268-20-3585,2,714,712,2,1,9,6.2325,130.8825,124.65,4.761904762,6.2325,6.0
735-32-9839,3,715,713,2,1,8,39.48,829.08,789.6,4.761904762,39.48,8.5
258-92-7466,2,716,714,1,3,5,8.92,187.32,178.4,4.761904762,8.92,6.6
857-16-3520,1,717,715,1,1,7,25.011,525.231,500.22,4.761904762,25.011,4.5
482-17-1179,3,718,716,1,3,3,1.791,37.611,35.82,4.761904762,1.791,8.1
788-21-5741,4,719,717,1,3,3,6.807,142.947,136.14,4.761904762,6.807,7.2
821-14-9046,1,720,718,3,3,6,5.244,110.124,104.88,4.761904762,5.244,6.1
418-05-0656,2,721,719,3,2,7,8.946,187.866,178.92,4.761904762,8.946,7.1
678-79-0726,1,722,720,2,2,9,40.7835,856.4535,815.67,4.761904762,40.7835,5.1
776-68-1096,4,723,721,3,3,3,6.618,138.978,132.36,4.761904762,6.618,7.9
592-46-1692,1,724,722,2,2,7,12.8695,270.2595,257.39,4.761904762,12.8695,7.4
434-35-9162,3,725,723,3,1,4,4.668,98.028,93.36,4.761904762,4.668,7.4
149-14-0304,1,726,724,2,2,8,11.4,239.4,228.0,4.761904762,11.4,6.6
442-44-6497,3,727,725,2,3,3,8.3355,175.0455,166.71,4.761904762,8.3355,5.9
174-64-0215,4,728,726,3,3,10,34.87,732.27,697.4,4.761904762,34.87,8.9
210-74-9613,4,729,727,2,1,4,19.452,408.492,389.04,4.761904762,19.452,6.8
299-29-0180,1,730,728,3,2,7,18.263,383.523,365.26,4.761904762,18.263,9.3
247-11-2470,1,731,729,1,3,4,4.464,93.744,89.28,4.761904762,4.464,4.4
635-28-5728,4,732,730,1,1,3,8.4,176.4,168.0,4.761904762,8.4,4.8
756-49-0168,3,733,731,1,1,1,0.985,20.685,19.7,4.761904762,0.985,9.5
438-23-1242,4,734,732,3,1,7,26.558,557.718,531.16,4.761904762,26.558,8.9
238-45-6950,3,735,733,3,1,1,2.686,56.406,53.72,4.761904762,2.686,6.4
607-65-2441,3,736,734,2,3,10,40.975,860.475,819.5,4.761904762,40.975,6.0
386-27-7606,1,737,735,2,3,7,28.42,596.82,568.4,4.761904762,28.42,8.1
137-63-5492,4,738,736,2,1,10,29.38,616.98,587.6,4.761904762,29.38,9.0
197-77-7132,3,739,737,3,1,8,36.624,769.104,732.48,4.761904762,36.624,6.0
805-86-0265,4,740,738,1,2,9,42.282,887.922,845.64,4.761904762,42.282,9.8
733-29-1227,4,741,739,2,2,7,19.4635,408.7335,389.27,4.761904762,19.4635,8.5
451-73-2711,4,742,740,2,1,1,4.2415,89.0715,84.83,4.761904762,4.2415,8.8
373-14-0504,1,743,741,1,1,2,7.163,150.423,143.26,4.761904762,7.163,8.8
546-80-2899,3,744,742,1,1,2,3.769,79.149,75.38,4.761904762,3.769,9.5
345-68-9016,1,745,743,2,3,8,12.668,266.028,253.36,4.761904762,12.668,5.6
390-17-5806,1,746,744,2,2,1,1.921,40.341,38.42,4.761904762,1.921,8.6
457-13-1708,3,747,745,3,3,10,32.615,684.915,652.3,4.761904762,32.615,5.2
664-14-2882,1,748,746,2,3,5,2.6325,55.2825,52.65,4.761904762,2.6325,5.8
487-79-6868,1,749,747,3,3,9,5.5305,116.1405,110.61,4.761904762,5.5305,8.0
314-23-4520,3,750,748,2,2,7,28.4305,597.0405,568.61,4.761904762,28.4305,9.0
210-30-7976,1,731,749,3,1,4,4.464,93.744,89.28,4.761904762,4.464,4.1
585-86-8361,2,751,750,1,3,5,6.82,143.22,136.4,4.761904762,6.82,8.6
807-14-7833,1,752,751,1,1,10,8.71,182.91,174.2,4.761904762,8.71,7.0
775-72-1988,4,753,752,3,1,5,18.32,384.72,366.4,4.761904762,18.32,8.4
288-38-3758,1,754,753,2,1,3,12.7305,267.3405,254.61,4.761904762,12.7305,7.4
652-43-6591,2,755,754,1,3,8,38.916,817.236,778.32,4.761904762,38.916,6.2
785-96-0615,1,756,755,3,1,8,14.296,300.216,285.92,4.761904762,14.296,4.9
406-46-7107,2,757,756,1,2,6,28.956,608.076,579.12,4.761904762,28.956,4.5
250-17-5703,3,758,757,1,1,10,9.425,197.925,188.5,4.761904762,9.425,5.6
156-95-3964,2,759,758,1,1,4,11.078,232.638,221.56,4.761904762,11.078,8.0
842-40-8179,1,760,759,3,3,10,38.6,810.6,772.0,4.761904762,38.6,5.6
525-09-8450,4,761,760,3,3,10,36.065,757.365,721.3,4.761904762,36.065,4.2
410-67-1709,1,762,761,1,1,8,25.552,536.592,511.04,4.761904762,25.552,9.9
587-73-4862,1,763,762,1,1,5,2.6725,56.1225,53.45,4.761904762,2.6725,7.6
787-87-2010,3,764,763,1,3,4,11.1,233.1,222.0,4.761904762,11.1,6.6
593-14-4239,2,765,764,3,1,8,38.184,801.864,763.68,4.761904762,38.184,4.7
801-88-0346,2,766,765,2,3,3,11.409,239.589,228.18,4.761904762,11.409,9.8
388-76-2555,4,767,766,3,2,6,4.107,86.247,82.14,4.761904762,4.107,6.3
711-31-1234,2,768,767,3,2,4,19.128,401.688,382.56,4.761904762,19.128,7.9
886-54-6089,2,769,768,1,2,6,3.429,72.009,68.58,4.761904762,3.429,7.7
707-32-7409,1,770,769,3,1,4,19.108,401.268,382.16,4.761904762,19.108,4.5
759-98-4285,1,771,770,2,3,7,30.0545,631.1445,601.09,4.761904762,30.0545,8.0
201-63-8275,1,772,771,2,1,7,23.7965,499.7265,475.93,4.761904762,23.7965,5.7
471-06-8611,2,773,772,2,3,1,2.621,55.041,52.42,4.761904762,2.621,6.3
200-16-5952,3,774,773,2,2,2,6.565,137.865,131.3,4.761904762,6.565,6.0
120-54-2248,2,775,774,3,3,5,7.215,151.515,144.3,4.761904762,7.215,8.0
102-77-2261,3,776,775,2,3,7,22.8585,480.0285,457.17,4.761904762,22.8585,4.2
875-31-8302,4,777,776,3,2,1,4.669,98.049,93.38,4.761904762,4.669,9.6
102-06-2002,3,778,777,2,2,5,6.3125,132.5625,126.25,4.761904762,6.3125,6.1
457-94-0464,3,779,778,3,1,9,39.5415,830.3715,790.83,4.761904762,39.5415,5.6
629-42-4133,4,780,779,2,2,8,8.72,183.12,174.4,4.761904762,8.72,8.3
534-53-3526,2,781,780,1,1,4,18.952,397.992,379.04,4.761904762,18.952,7.8
307-04-2070,1,782,781,1,3,1,1.531,32.151,30.62,4.761904762,1.531,4.1
468-99-7231,2,783,782,2,2,8,17.604,369.684,352.08,4.761904762,17.604,8.8
516-77-6464,1,784,783,2,1,5,2.54,53.34,50.8,4.761904762,2.54,4.1
404-91-5964,4,785,784,1,3,7,26.103,548.163,522.06,4.761904762,26.103,9.0
886-77-9084,4,786,785,2,1,8,28.756,603.876,575.12,4.761904762,28.756,5.5
790-38-4466,2,787,786,2,3,5,2.7475,57.6975,54.95,4.761904762,2.7475,9.3
704-10-4056,3,788,787,2,3,3,9.0705,190.4805,181.41,4.761904762,9.0705,5.6
497-37-6538,4,789,788,1,1,7,20.6185,432.9885,412.37,4.761904762,20.6185,9.7
651-96-5970,4,790,789,1,3,1,2.3205,48.7305,46.41,4.761904762,2.3205,4.0
400-80-4065,3,791,343,2,3,4,13.71,287.91,274.2,4.761904762,13.71,9.2
744-16-7898,2,792,790,3,3,10,48.685,1022.385,973.7,4.761904762,48.685,4.9
263-12-5321,3,793,791,1,3,7,32.41,680.61,648.2,4.761904762,32.41,9.3
702-72-0487,2,794,792,1,3,2,4.661,97.881,93.22,4.761904762,4.661,6.6
605-83-1050,4,795,793,3,1,2,2.718,57.078,54.36,4.761904762,2.718,4.3
443-60-9639,1,796,794,2,2,1,3.0435,63.9135,60.87,4.761904762,3.0435,5.5
864-24-7918,1,797,795,1,2,10,12.245,257.145,244.9,4.761904762,12.245,8.1
359-94-5395,4,798,796,3,3,1,4.639,97.419,92.78,4.761904762,4.639,9.8
401-09-4232,3,799,797,2,1,5,21.6725,455.1225,433.45,4.761904762,21.6725,9.4
751-15-6198,4,800,798,3,1,6,6.903,144.963,138.06,4.761904762,6.903,7.9
324-41-6833,1,801,799,2,1,8,12.08,253.68,241.6,4.761904762,12.08,5.1
474-33-8305,3,802,800,2,1,7,23.5865,495.3165,471.73,4.761904762,23.5865,6.9
759-29-9521,1,803,801,1,2,9,22.032,462.672,440.64,4.761904762,22.032,8.0
831-81-6575,1,804,802,3,2,9,34.0155,714.3255,680.31,4.761904762,34.0155,8.0
220-68-6701,2,805,803,1,2,4,15.494,325.374,309.88,4.761904762,15.494,4.2
618-34-8551,2,806,804,1,3,2,9.318,195.678,186.36,4.761904762,9.318,8.5
257-60-7754,2,807,805,1,2,4,10.046,210.966,200.92,4.761904762,10.046,9.0
559-61-5987,2,808,806,3,2,1,0.8875,18.6375,17.75,4.761904762,0.8875,8.6
189-55-2313,2,809,807,2,1,10,31.09,652.89,621.8,4.761904762,31.09,6.0
565-91-4567,4,810,808,3,1,8,4.3,90.3,86.0,4.761904762,4.3,6.2
380-60-5336,2,811,809,1,3,10,20.13,422.73,402.6,4.761904762,20.13,5.0
815-04-6282,1,812,810,2,3,5,16.2425,341.0925,324.85,4.761904762,16.2425,6.5
674-56-6360,4,813,811,1,2,1,4.7575,99.9075,95.15,4.761904762,4.7575,6.0
778-34-2523,1,814,812,1,2,8,19.448,408.408,388.96,4.761904762,19.448,5.0
499-27-7781,2,815,813,3,1,8,21.284,446.964,425.68,4.761904762,21.284,5.0
477-59-2456,2,816,814,2,2,7,15.904,333.984,318.08,4.761904762,15.904,9.2
832-51-6761,4,817,815,1,1,8,13.552,284.592,271.04,4.761904762,13.552,9.6
869-11-3082,3,818,816,3,3,4,19.232,403.872,384.64,4.761904762,19.232,8.4
190-59-3964,3,819,817,3,3,5,11.79,247.59,235.8,4.761904762,11.79,6.0
366-43-6862,4,174,818,3,1,4,10.578,222.138,211.56,4.761904762,10.578,6.7
186-43-8965,1,820,819,1,3,2,4.768,100.128,95.36,4.761904762,4.768,4.1
784-21-9238,3,821,820,2,2,1,0.5085,10.6785,10.17,4.761904762,0.5085,5.9
276-75-6884,2,822,821,1,2,3,10.3065,216.4365,206.13,4.761904762,10.3065,8.7
109-86-4363,1,823,822,3,3,7,21.028,441.588,420.56,4.761904762,21.028,4.5
569-76-2760,1,824,823,1,3,4,4.402,92.442,88.04,4.761904762,4.402,6.6
222-42-0244,1,825,824,3,3,9,32.4495,681.4395,648.99,4.761904762,32.4495,7.7
760-53-9233,3,826,825,1,3,3,6.192,130.032,123.84,4.761904762,6.192,8.5
538-22-0304,4,827,217,2,2,10,32.475,681.975,649.5,4.761904762,32.475,5.2
416-17-9926,1,828,826,1,3,10,37.11,779.31,742.2,4.761904762,37.11,4.3
237-44-6163,4,829,827,1,2,8,4.224,88.704,84.48,4.761904762,4.224,7.6
636-17-0325,4,830,828,3,2,4,12.514,262.794,250.28,4.761904762,12.514,9.5
343-75-9322,1,831,829,3,2,8,4.74,99.54,94.8,4.761904762,4.74,4.1
528-14-9470,3,832,830,1,1,1,4.565,95.865,91.3,4.761904762,4.565,9.2
427-45-9297,1,833,831,3,1,7,14.2555,299.3655,285.11,4.761904762,14.2555,5.4
807-34-3742,4,834,832,1,2,1,2.619,54.999,52.38,4.761904762,2.619,5.8
288-62-1085,3,835,833,1,1,5,9.635,202.335,192.7,4.761904762,9.635,5.6
670-71-7306,4,836,834,3,3,6,13.389,281.169,267.78,4.761904762,13.389,5.1
660-29-7083,4,837,634,2,2,10,27.935,586.635,558.7,4.761904762,27.935,5.8
271-77-8740,1,838,835,2,1,6,8.766,184.086,175.32,4.761904762,8.766,5.0
497-36-0989,4,839,836,1,2,3,7.791,163.611,155.82,4.761904762,7.791,7.9
291-59-1384,4,840,837,3,2,1,3.015,63.315,60.3,4.761904762,3.015,6.0
860-73-6466,1,841,838,1,3,2,3.947,82.887,78.94,4.761904762,3.947,5.0
549-23-9016,1,842,839,2,3,2,1.487,31.227,29.74,4.761904762,1.487,8.9
896-34-0956,4,843,840,1,2,1,1.066,22.386,21.32,4.761904762,1.066,5.9
804-38-3935,3,844,841,1,3,3,14.067,295.407,281.34,4.761904762,14.067,5.9
585-90-0249,3,845,842,1,1,1,3.663,76.923,73.26,4.761904762,3.663,9.7
862-29-5914,2,846,843,2,3,1,1.119,23.499,22.38,4.761904762,1.119,8.6
845-94-6841,1,847,844,2,2,9,32.796,688.716,655.92,4.761904762,32.796,4.0
125-45-2293,2,848,845,1,2,6,29.73,624.33,594.6,4.761904762,29.73,4.2
843-73-4724,4,849,846,1,2,1,3.705,77.805,74.1,4.761904762,3.705,9.2
409-33-9708,2,850,847,1,1,2,9.848,206.808,196.96,4.761904762,9.848,9.2
658-66-3967,4,851,848,2,1,7,18.6165,390.9465,372.33,4.761904762,18.6165,5.0
866-70-2814,2,852,849,3,1,10,26.395,554.295,527.9,4.761904762,26.395,10.0
160-22-2687,1,853,850,1,1,5,23.9875,503.7375,479.75,4.761904762,23.9875,8.8
895-03-6665,2,854,851,3,2,9,16.4295,345.0195,328.59,4.761904762,16.4295,4.2
770-42-8960,4,855,852,3,2,8,8.448,177.408,168.96,4.761904762,8.448,6.3
748-45-2862,1,856,853,1,2,4,5.662,118.902,113.24,4.761904762,5.662,8.2
234-36-2483,4,857,854,3,2,6,17.277,362.817,345.54,4.761904762,17.277,5.1
316-66-3011,1,858,855,1,2,9,21.4335,450.1035,428.67,4.761904762,21.4335,5.0
848-95-6252,1,859,856,2,1,1,4.3135,90.5835,86.27,4.761904762,4.3135,7.0
840-76-5966,3,860,857,1,1,2,1.276,26.796,25.52,4.761904762,1.276,7.8
152-03-4217,2,861,858,3,3,9,5.076,106.596,101.52,4.761904762,5.076,4.3
533-66-5566,2,862,859,3,2,7,17.8745,375.3645,357.49,4.761904762,17.8745,7.0
124-31-1458,1,863,860,1,2,3,11.9385,250.7085,238.77,4.761904762,11.9385,6.6
176-78-1170,3,864,861,2,1,3,5.0715,106.5015,101.43,4.761904762,5.0715,7.3
361-59-0574,3,865,862,3,3,8,36.212,760.452,724.24,4.761904762,36.212,6.5
101-81-4070,1,866,863,2,1,2,6.282,131.922,125.64,4.761904762,6.282,4.9
631-34-1880,3,867,864,2,3,3,3.6465,76.5765,72.93,4.761904762,3.6465,4.3
852-82-2749,4,868,865,1,1,4,12.918,271.278,258.36,4.761904762,12.918,9.3
873-14-6353,3,869,866,1,3,7,8.687,182.427,173.74,4.761904762,8.687,7.1
584-66-4073,4,870,867,2,1,1,2.825,59.325,56.5,4.761904762,2.825,9.6
544-55-9589,1,871,868,3,2,10,10.715,225.015,214.3,4.761904762,10.715,6.2
166-19-2553,3,872,869,1,2,6,26.718,561.078,534.36,4.761904762,26.718,9.9
737-88-5876,3,873,870,1,3,4,4.658,97.818,93.16,4.761904762,4.658,5.9
154-87-7367,4,874,871,2,1,8,26.104,548.184,522.08,4.761904762,26.104,6.3
885-56-0389,3,875,872,2,2,1,2.6175,54.9675,52.35,4.761904762,2.6175,4.0
608-05-3804,3,876,873,3,2,1,1.9875,41.7375,39.75,4.761904762,1.9875,6.1
448-61-3783,2,877,874,1,3,8,36.008,756.168,720.16,4.761904762,36.008,4.5
761-49-0439,1,878,875,3,1,8,4.84,101.64,96.8,4.761904762,4.84,8.6
490-95-0021,1,879,876,3,1,10,16.605,348.705,332.1,4.761904762,16.605,6.0
115-38-7388,1,880,877,2,3,8,4.072,85.512,81.44,4.761904762,4.072,9.5
311-13-6971,3,881,878,3,3,10,15.995,335.895,319.9,4.761904762,15.995,9.9
291-55-6563,1,138,879,1,1,6,10.326,216.846,206.52,4.761904762,10.326,7.5
548-48-3156,1,882,880,1,2,2,8.334,175.014,166.68,4.761904762,8.334,7.6
460-93-5834,4,593,881,1,2,7,15.953,335.013,319.06,4.761904762,15.953,5.0
325-89-4209,3,883,882,1,1,1,4.395,92.295,87.9,4.761904762,4.395,6.7
884-80-6021,1,884,883,1,1,10,36.735,771.435,734.7,4.761904762,36.735,9.5
137-74-8729,2,885,884,2,1,8,4.876,102.396,97.52,4.761904762,4.876,6.8
880-46-5796,3,886,885,1,1,10,38.46,807.66,769.2,4.761904762,38.46,5.6
389-70-2397,2,887,886,2,2,5,20.915,439.215,418.3,4.761904762,20.915,7.2
114-35-5271,2,888,887,3,2,8,23.164,486.444,463.28,4.761904762,23.164,8.1
607-76-6216,1,889,888,2,3,5,23.1225,485.5725,462.45,4.761904762,23.1225,8.6
715-20-1673,4,890,889,3,2,5,7.095,148.995,141.9,4.761904762,7.095,9.4
811-35-1094,3,891,890,3,3,6,15.135,317.835,302.7,4.761904762,15.135,8.9
699-88-1972,4,892,891,3,3,8,39.664,832.944,793.28,4.761904762,39.664,4.2
781-84-8059,4,893,892,2,1,7,21.259,446.439,425.18,4.761904762,21.259,5.0
409-49-6995,1,894,893,2,2,6,14.181,297.801,283.62,4.761904762,14.181,8.8
725-54-0677,3,895,894,2,2,7,29.96,629.16,599.2,4.761904762,29.96,5.3
146-09-5432,3,896,895,1,1,9,15.768,331.128,315.36,4.761904762,15.768,4.6
377-79-7592,1,897,896,2,3,9,20.178,423.738,403.56,4.761904762,20.178,7.5
509-10-0516,4,898,897,3,1,4,9.194,193.074,183.88,4.761904762,9.194,5.1
595-94-9924,1,899,898,1,3,5,6.9325,145.5825,138.65,4.761904762,6.9325,4.2
865-41-9075,4,900,899,1,2,7,4.0355,84.7455,80.71,4.761904762,4.0355,8.1
545-07-8534,2,901,900,2,1,2,5.832,122.472,116.64,4.761904762,5.832,6.0
118-62-1812,1,298,901,2,2,4,15.676,329.196,313.52,4.761904762,15.676,7.9
450-42-3339,4,902,902,2,3,10,42.305,888.405,846.1,4.761904762,42.305,8.8
851-98-3555,2,903,903,3,3,5,20.72,435.12,414.4,4.761904762,20.72,6.6
186-71-5196,1,904,904,1,1,2,7.954,167.034,159.08,4.761904762,7.954,6.2
624-01-8356,2,905,905,3,3,10,24.505,514.605,490.1,4.761904762,24.505,4.2
313-66-9943,1,906,906,3,3,3,4.3725,91.8225,87.45,4.761904762,4.3725,7.3
151-27-8496,2,907,907,2,1,4,11.226,235.746,224.52,4.761904762,11.226,8.6
453-33-6436,2,908,908,1,2,8,37.248,782.208,744.96,4.761904762,37.248,6.8
522-57-8364,3,909,909,1,1,8,20.536,431.256,410.72,4.761904762,20.536,7.6
459-45-2396,1,910,910,1,2,3,14.94,313.74,298.8,4.761904762,14.94,5.8
717-96-4189,2,911,911,2,2,6,10.647,223.587,212.94,4.761904762,10.647,4.1
722-13-2115,3,912,912,2,3,1,2.1425,44.9925,42.85,4.761904762,2.1425,9.3
749-81-8133,2,913,913,1,2,4,18.934,397.614,378.68,4.761904762,18.934,6.8
777-67-2495,4,914,914,3,1,3,10.3455,217.2555,206.91,4.761904762,10.3455,8.7
636-98-3364,1,371,915,3,1,3,3.939,82.719,78.78,4.761904762,3.939,6.3
246-55-6923,1,915,916,2,3,9,16.1055,338.2155,322.11,4.761904762,16.1055,5.1
181-82-6255,2,916,917,3,2,6,4.911,103.131,98.22,4.761904762,4.911,7.0
838-02-1821,1,917,918,2,3,2,1.273,26.733,25.46,4.761904762,1.273,5.2
887-42-0517,2,918,919,2,3,7,29.099,611.079,581.98,4.761904762,29.099,6.6
457-12-0244,1,919,920,2,1,6,10.566,221.886,211.32,4.761904762,10.566,6.5
226-34-0034,2,920,921,3,1,4,2.756,57.876,55.12,4.761904762,2.756,9.0
321-49-7382,3,921,922,3,3,1,4.4155,92.7255,88.31,4.761904762,4.4155,5.2
397-25-8725,1,922,923,1,3,9,17.829,374.409,356.58,4.761904762,17.829,6.8
431-66-2305,2,923,924,3,3,9,39.7125,833.9625,794.25,4.761904762,39.7125,7.6
825-94-5922,4,924,239,3,1,2,2.531,53.151,50.62,4.761904762,2.531,7.2
641-62-7288,4,925,925,3,1,6,29.976,629.496,599.52,4.761904762,29.976,7.1
756-93-1854,1,926,926,2,3,2,8.335,175.035,166.7,4.761904762,8.335,9.5
243-55-8457,2,927,927,1,1,10,37.22,781.62,744.4,4.761904762,37.22,5.1
458-10-8612,4,928,928,2,1,7,22.428,470.988,448.56,4.761904762,22.428,7.6
501-61-1753,2,929,929,3,1,6,18.945,397.845,378.9,4.761904762,18.945,9.8
235-06-8510,3,930,930,2,1,3,12.858,270.018,257.16,4.761904762,12.858,5.1
433-08-7822,2,931,931,2,1,7,27.6115,579.8415,552.23,4.761904762,27.6115,7.5
361-85-2571,2,932,932,1,2,5,22.37,469.77,447.4,4.761904762,22.37,7.4
131-70-8179,1,933,933,1,2,3,13.8135,290.0835,276.27,4.761904762,13.8135,4.2
500-02-2261,2,934,934,2,1,6,17.187,360.927,343.74,4.761904762,17.187,5.9
720-72-2436,4,935,935,1,1,4,13.304,279.384,266.08,4.761904762,13.304,6.9
702-83-5291,3,301,936,2,2,9,44.919,943.299,898.38,4.761904762,44.919,6.6
809-69-9497,2,936,937,1,1,10,22.84,479.64,456.8,4.761904762,22.84,5.7
449-16-6770,4,937,938,1,3,5,12.6975,266.6475,253.95,4.761904762,12.6975,5.3
333-23-2632,3,938,939,1,2,7,3.528,74.088,70.56,4.761904762,3.528,4.2
489-82-1237,2,939,940,1,3,7,32.858,690.018,657.16,4.761904762,32.858,7.3
859-97-6048,3,940,941,2,3,2,8.425,176.925,168.5,4.761904762,8.425,5.3
676-10-2200,3,941,942,3,1,1,2.689,56.469,53.78,4.761904762,2.689,4.7
373-88-1424,3,942,943,2,1,5,8.9525,188.0025,179.05,4.761904762,8.9525,7.9
365-16-4334,2,943,944,3,1,8,10.572,222.012,211.44,4.761904762,10.572,8.9
503-21-4385,3,944,945,3,1,3,5.9865,125.7165,119.73,4.761904762,5.9865,9.3
305-89-2768,1,945,946,3,1,3,3.285,68.985,65.7,4.761904762,3.285,4.7
574-80-1489,1,946,947,3,1,4,12.57,263.97,251.4,4.761904762,12.57,8.7
784-08-0310,1,947,948,2,2,4,4.208,88.368,84.16,4.761904762,4.208,7.6
200-40-6154,3,948,949,3,2,6,19.773,415.233,395.46,4.761904762,19.773,5.7
846-10-0341,2,949,950,1,2,7,14.8995,312.8895,297.99,4.761904762,14.8995,6.8
577-34-7579,3,950,951,2,2,9,22.7205,477.1305,454.41,4.761904762,22.7205,5.4
430-02-3888,4,951,952,3,2,6,13.806,289.926,276.12,4.761904762,13.806,7.1
867-47-1948,2,952,953,2,2,10,7.9,165.9,158.0,4.761904762,7.9,7.8
384-59-6655,1,953,954,1,2,9,44.397,932.337,887.94,4.761904762,44.397,8.4
256-58-3609,3,954,955,2,2,1,4.599,96.579,91.98,4.761904762,4.599,9.8
324-92-3863,3,955,956,1,2,2,2.089,43.869,41.78,4.761904762,2.089,9.8
593-08-5916,2,956,957,1,3,1,0.775,16.275,15.5,4.761904762,0.775,7.4
364-34-2972,3,957,958,2,2,3,14.523,304.983,290.46,4.761904762,14.523,6.7
794-42-3736,4,958,959,3,3,2,3.333,69.993,66.66,4.761904762,3.333,6.4
172-42-8274,2,959,960,3,3,2,3.827,80.367,76.54,4.761904762,3.827,5.8
558-60-5016,2,960,961,1,1,9,14.985,314.685,299.7,4.761904762,14.985,7.2
195-06-0432,3,961,962,1,3,3,12.1515,255.1815,243.03,4.761904762,12.1515,9.3
605-03-2706,2,962,963,1,2,3,2.37,49.77,47.4,4.761904762,2.37,9.5
214-30-2776,1,963,964,3,3,5,8.6225,181.0725,172.45,4.761904762,8.6225,9.0
746-04-1077,1,964,965,3,3,10,42.315,888.615,846.3,4.761904762,42.315,9.0
448-34-8700,3,965,966,3,1,7,12.9185,271.2885,258.37,4.761904762,12.9185,6.7
452-04-8808,4,966,967,3,2,7,30.478,640.038,609.56,4.761904762,30.478,5.5
531-56-4728,4,967,968,1,2,3,12.012,252.252,240.24,4.761904762,12.012,5.4
744-82-9138,4,968,969,2,2,2,8.613,180.873,172.26,4.761904762,8.613,8.2
883-69-1285,3,969,970,3,3,2,4.992,104.832,99.84,4.761904762,4.992,7.0
221-25-5073,2,970,971,1,2,4,14.932,313.572,298.64,4.761904762,14.932,8.5
518-71-6847,3,971,972,3,1,6,7.98,167.58,159.6,4.761904762,7.98,4.9
156-20-0370,2,972,973,3,3,1,1.2725,26.7225,25.45,4.761904762,1.2725,5.1
151-33-7434,2,973,974,3,3,1,3.3885,71.1585,67.77,4.761904762,3.3885,6.5
728-47-9078,3,974,975,2,2,4,11.918,250.278,238.36,4.761904762,11.918,9.8
809-46-1866,4,975,976,1,2,4,11.63,244.23,232.6,4.761904762,11.63,8.4
139-32-4183,1,976,977,1,1,9,43.866,921.186,877.32,4.761904762,43.866,7.4
148-41-7930,4,977,978,2,2,7,34.986,734.706,699.72,4.761904762,34.986,6.1
189-40-5216,4,978,979,2,2,7,33.7295,708.3195,674.59,4.761904762,33.7295,6.0
374-38-5555,2,979,980,3,1,5,15.9275,334.4775,318.55,4.761904762,15.9275,8.5
764-44-8999,2,980,981,3,1,2,1.476,30.996,29.52,4.761904762,1.476,4.3
552-44-5977,3,981,982,3,3,8,24.8,520.8,496.0,4.761904762,24.8,6.2
267-62-7380,3,982,983,2,1,10,41.17,864.57,823.4,4.761904762,41.17,4.3
430-53-4718,3,983,984,3,3,8,30.148,633.108,602.96,4.761904762,30.148,8.4
886-18-2897,2,984,985,1,3,5,14.14,296.94,282.8,4.761904762,14.14,4.5
602-16-6955,2,985,986,3,1,10,38.3,804.3,766.0,4.761904762,38.3,6.0
745-74-0715,4,986,987,1,1,2,5.803,121.863,116.06,4.761904762,5.803,8.8
690-01-6631,4,987,988,3,1,10,8.745,183.645,174.9,4.761904762,8.745,6.6
652-49-6720,1,988,989,2,1,1,3.0475,63.9975,60.95,4.761904762,3.0475,5.9
233-67-5758,4,989,990,2,1,1,2.0175,42.3675,40.35,4.761904762,2.0175,6.2
303-96-2227,2,990,991,3,1,10,48.69,1022.49,973.8,4.761904762,48.69,4.4
727-02-1313,3,991,992,1,2,1,1.592,33.432,31.84,4.761904762,1.592,7.7
347-56-2442,4,992,993,1,2,1,3.291,69.111,65.82,4.761904762,3.291,4.1
849-09-3807,1,993,994,1,2,7,30.919,649.299,618.38,4.761904762,30.919,6.6
