time_id,date,time,year,month,day,quarter,weekday,is_weekend
1,2019-01-05,13:08:00,2019,1,5,1,5,True
2,2019-03-08,10:29:00,2019,3,8,1,4,False
3,2019-03-03,13:23:00,2019,3,3,1,6,True
4,2019-01-27,20:33:00,2019,1,27,1,6,True
5,2019-02-08,10:37:00,2019,2,8,1,4,False
6,2019-03-25,18:30:00,2019,3,25,1,0,False
7,2019-02-25,14:36:00,2019,2,25,1,0,False
8,2019-02-24,11:38:00,2019,2,24,1,6,True
9,2019-01-10,17:15:00,2019,1,10,1,3,False
10,2019-02-20,13:27:00,2019,2,20,1,2,False
11,2019-02-06,18:07:00,2019,2,6,1,2,False
12,2019-03-09,17:03:00,2019,3,9,1,5,True
13,2019-02-12,10:25:00,2019,2,12,1,1,False
14,2019-02-07,16:48:00,2019,2,7,1,3,False
15,2019-03-29,19:21:00,2019,3,29,1,4,False
16,2019-01-15,16:19:00,2019,1,15,1,1,False
17,2019-03-11,11:03:00,2019,3,11,1,0,False
18,2019-01-01,10:39:00,2019,1,1,1,1,False
19,2019-01-21,18:00:00,2019,1,21,1,0,False
20,2019-03-11,15:30:00,2019,3,11,1,0,False
21,2019-02-25,11:24:00,2019,2,25,1,0,False
22,2019-03-05,10:40:00,2019,3,5,1,1,False
23,2019-03-15,12:20:00,2019,3,15,1,4,False
24,2019-02-17,11:15:00,2019,2,17,1,6,True
25,2019-03-02,17:36:00,2019,3,2,1,5,True
26,2019-03-22,19:20:00,2019,3,22,1,4,False
27,2019-02-08,15:31:00,2019,2,8,1,4,False
28,2019-03-10,12:17:00,2019,3,10,1,6,True
29,2019-01-25,19:48:00,2019,1,25,1,4,False
30,2019-03-15,15:36:00,2019,3,15,1,4,False
31,2019-02-25,19:39:00,2019,2,25,1,0,False
32,2019-01-28,12:43:00,2019,1,28,1,0,False
33,2019-01-10,14:49:00,2019,1,10,1,3,False
34,2019-03-15,10:12:00,2019,3,15,1,4,False
35,2019-02-06,10:42:00,2019,2,6,1,2,False
36,2019-01-07,12:28:00,2019,1,7,1,0,False
37,2019-03-10,19:15:00,2019,3,10,1,6,True
38,2019-01-15,17:17:00,2019,1,15,1,1,False
39,2019-03-23,13:24:00,2019,3,23,1,5,True
40,2019-03-03,13:01:00,2019,3,3,1,6,True
41,2019-01-17,18:45:00,2019,1,17,1,3,False
42,2019-02-02,10:11:00,2019,2,2,1,5,True
43,2019-02-08,13:03:00,2019,2,8,1,4,False
44,2019-03-04,20:39:00,2019,3,4,1,0,False
45,2019-03-16,19:47:00,2019,3,16,1,5,True
46,2019-03-09,18:00:00,2019,3,9,1,5,True
47,2019-02-27,17:24:00,2019,2,27,1,2,False
48,2019-02-06,15:47:00,2019,2,6,1,2,False
49,2019-02-10,12:45:00,2019,2,10,1,6,True
50,2019-03-19,17:08:00,2019,3,19,1,1,False
51,2019-02-03,10:19:00,2019,2,3,1,6,True
52,2019-02-10,15:10:00,2019,2,10,1,6,True
53,2019-03-22,14:42:00,2019,3,22,1,4,False
54,2019-01-25,15:46:00,2019,1,25,1,4,False
55,2019-03-07,11:49:00,2019,3,7,1,3,False
56,2019-02-28,19:01:00,2019,2,28,1,3,False
57,2019-03-27,11:26:00,2019,3,27,1,2,False
58,2019-02-07,11:28:00,2019,2,7,1,3,False
59,2019-01-20,15:55:00,2019,1,20,1,6,True
60,2019-03-12,20:36:00,2019,3,12,1,1,False
61,2019-02-15,17:47:00,2019,2,15,1,4,False
62,2019-02-24,10:55:00,2019,2,24,1,6,True
63,2019-02-03,13:40:00,2019,2,3,1,6,True
64,2019-03-06,12:27:00,2019,3,6,1,2,False
65,2019-02-14,14:35:00,2019,2,14,1,3,False
66,2019-03-13,16:40:00,2019,3,13,1,2,False
67,2019-02-10,15:43:00,2019,2,10,1,6,True
68,2019-01-07,15:01:00,2019,1,7,1,0,False
69,2019-01-24,10:04:00,2019,1,24,1,3,False
70,2019-02-02,18:50:00,2019,2,2,1,5,True
71,2019-01-06,12:46:00,2019,1,6,1,6,True
72,2019-02-11,16:19:00,2019,2,11,1,0,False
73,2019-03-05,18:17:00,2019,3,5,1,1,False
74,2019-03-09,18:21:00,2019,3,9,1,5,True
75,2019-01-22,10:55:00,2019,1,22,1,1,False
76,2019-01-13,17:04:00,2019,1,13,1,6,True
77,2019-01-09,14:20:00,2019,1,9,1,2,False
78,2019-01-12,15:48:00,2019,1,12,1,5,True
79,2019-03-05,16:24:00,2019,3,5,1,1,False
80,2019-01-22,18:56:00,2019,1,22,1,1,False
81,2019-01-21,14:42:00,2019,1,21,1,0,False
82,2019-01-26,19:56:00,2019,1,26,1,5,True
83,2019-01-23,18:37:00,2019,1,23,1,2,False
84,2019-02-23,18:45:00,2019,2,23,1,5,True
85,2019-03-09,10:17:00,2019,3,9,1,5,True
86,2019-03-05,14:31:00,2019,3,5,1,1,False
87,2019-03-25,10:23:00,2019,3,25,1,0,False
88,2019-03-27,20:35:00,2019,3,27,1,2,False
89,2019-01-02,16:57:00,2019,1,2,1,2,False
90,2019-02-27,17:55:00,2019,2,27,1,2,False
91,2019-01-23,10:25:00,2019,1,23,1,2,False
92,2019-01-26,19:54:00,2019,1,26,1,5,True
93,2019-01-10,16:42:00,2019,1,10,1,3,False
94,2019-03-12,12:09:00,2019,3,12,1,1,False
95,2019-02-06,20:05:00,2019,2,6,1,2,False
96,2019-03-08,20:38:00,2019,3,8,1,4,False
97,2019-03-29,10:25:00,2019,3,29,1,4,False
98,2019-02-09,13:11:00,2019,2,9,1,5,True
99,2019-03-23,10:16:00,2019,3,23,1,5,True
100,2019-03-05,18:14:00,2019,3,5,1,1,False
101,2019-03-26,19:20:00,2019,3,26,1,1,False
102,2019-03-01,13:22:00,2019,3,1,1,4,False
103,2019-02-01,11:27:00,2019,2,1,1,4,False
104,2019-03-28,16:44:00,2019,3,28,1,3,False
105,2019-03-19,18:19:00,2019,3,19,1,1,False
106,2019-01-12,14:50:00,2019,1,12,1,5,True
107,2019-01-05,20:54:00,2019,1,5,1,5,True
108,2019-03-22,20:19:00,2019,3,22,1,4,False
109,2019-03-24,10:43:00,2019,3,24,1,6,True
110,2019-03-03,14:30:00,2019,3,3,1,6,True
111,2019-02-05,11:32:00,2019,2,5,1,1,False
112,2019-02-05,10:41:00,2019,2,5,1,1,False
113,2019-02-15,12:44:00,2019,2,15,1,4,False
114,2019-01-19,20:07:00,2019,1,19,1,5,True
115,2019-02-01,20:31:00,2019,2,1,1,4,False
116,2019-03-02,13:01:00,2019,3,2,1,5,True
117,2019-03-05,12:29:00,2019,3,5,1,1,False
118,2019-01-16,15:26:00,2019,1,16,1,2,False
119,2019-02-02,20:48:00,2019,2,2,1,5,True
120,2019-01-20,20:38:00,2019,1,20,1,6,True
121,2019-02-14,17:03:00,2019,2,14,1,3,False
122,2019-01-12,12:02:00,2019,1,12,1,5,True
123,2019-03-09,17:26:00,2019,3,9,1,5,True
124,2019-03-13,19:52:00,2019,3,13,1,2,False
125,2019-03-09,14:57:00,2019,3,9,1,5,True
126,2019-03-10,18:44:00,2019,3,10,1,6,True
127,2019-01-27,13:26:00,2019,1,27,1,6,True
128,2019-01-08,16:17:00,2019,1,8,1,1,False
129,2019-01-08,15:57:00,2019,1,8,1,1,False
130,2019-02-08,11:15:00,2019,2,8,1,4,False
131,2019-01-25,13:18:00,2019,1,25,1,4,False
132,2019-03-06,20:34:00,2019,3,6,1,2,False
133,2019-02-10,18:36:00,2019,2,10,1,6,True
134,2019-02-17,14:40:00,2019,2,17,1,6,True
135,2019-03-08,16:43:00,2019,3,8,1,4,False
136,2019-02-18,19:39:00,2019,2,18,1,0,False
137,2019-01-18,20:59:00,2019,1,18,1,4,False
138,2019-02-18,15:39:00,2019,2,18,1,0,False
139,2019-02-16,12:21:00,2019,2,16,1,5,True
140,2019-03-16,19:25:00,2019,3,16,1,5,True
141,2019-01-23,13:00:00,2019,1,23,1,2,False
142,2019-01-25,13:48:00,2019,1,25,1,4,False
143,2019-02-05,19:57:00,2019,2,5,1,1,False
144,2019-02-22,10:36:00,2019,2,22,1,4,False
145,2019-01-21,16:37:00,2019,1,21,1,0,False
146,2019-03-08,17:11:00,2019,3,8,1,4,False
147,2019-02-10,12:28:00,2019,2,10,1,6,True
148,2019-03-19,12:46:00,2019,3,19,1,1,False
149,2019-03-06,15:07:00,2019,3,6,1,2,False
150,2019-03-27,13:48:00,2019,3,27,1,2,False
151,2019-03-23,19:20:00,2019,3,23,1,5,True
152,2019-03-11,16:07:00,2019,3,11,1,0,False
153,2019-01-29,11:56:00,2019,1,29,1,1,False
154,2019-02-07,18:23:00,2019,2,7,1,3,False
155,2019-01-28,13:05:00,2019,1,28,1,0,False
156,2019-02-20,15:55:00,2019,2,20,1,2,False
157,2019-01-04,19:40:00,2019,1,4,1,4,False
158,2019-03-07,13:58:00,2019,3,7,1,3,False
159,2019-03-30,14:43:00,2019,3,30,1,5,True
160,2019-03-27,19:18:00,2019,3,27,1,2,False
161,2019-01-19,19:39:00,2019,1,19,1,5,True
162,2019-02-25,16:21:00,2019,2,25,1,0,False
163,2019-03-13,19:44:00,2019,3,13,1,2,False
164,2019-01-30,19:42:00,2019,1,30,1,2,False
165,2019-02-20,15:24:00,2019,2,20,1,2,False
166,2019-02-25,14:12:00,2019,2,25,1,0,False
167,2019-01-16,13:32:00,2019,1,16,1,2,False
168,2019-02-08,16:20:00,2019,2,8,1,4,False
169,2019-01-19,16:31:00,2019,1,19,1,5,True
170,2019-02-01,15:10:00,2019,2,1,1,4,False
171,2019-01-03,11:36:00,2019,1,3,1,3,False
172,2019-01-26,12:45:00,2019,1,26,1,5,True
173,2019-03-03,19:17:00,2019,3,3,1,6,True
174,2019-01-19,17:34:00,2019,1,19,1,5,True
175,2019-01-18,12:04:00,2019,1,18,1,4,False
176,2019-03-21,16:21:00,2019,3,21,1,3,False
177,2019-03-03,17:01:00,2019,3,3,1,6,True
178,2019-02-13,10:50:00,2019,2,13,1,2,False
179,2019-03-23,19:16:00,2019,3,23,1,5,True
180,2019-01-28,16:47:00,2019,1,28,1,0,False
181,2019-02-09,10:00:00,2019,2,9,1,5,True
182,2019-01-23,11:51:00,2019,1,23,1,2,False
183,2019-03-23,10:55:00,2019,3,23,1,5,True
184,2019-01-25,15:00:00,2019,1,25,1,4,False
185,2019-03-04,11:19:00,2019,3,4,1,0,False
186,2019-03-05,19:46:00,2019,3,5,1,1,False
187,2019-03-03,19:00:00,2019,3,3,1,6,True
188,2019-02-08,10:53:00,2019,2,8,1,4,False
189,2019-02-10,12:50:00,2019,2,10,1,6,True
190,2019-01-28,20:50:00,2019,1,28,1,0,False
191,2019-02-11,10:39:00,2019,2,11,1,0,False
192,2019-01-15,13:41:00,2019,1,15,1,1,False
193,2019-03-16,19:08:00,2019,3,16,1,5,True
194,2019-01-26,20:23:00,2019,1,26,1,5,True
195,2019-03-19,11:30:00,2019,3,19,1,1,False
196,2019-01-13,19:30:00,2019,1,13,1,6,True
197,2019-03-26,18:03:00,2019,3,26,1,1,False
198,2019-03-23,10:13:00,2019,3,23,1,5,True
199,2019-03-12,19:58:00,2019,3,12,1,1,False
200,2019-02-17,19:57:00,2019,2,17,1,6,True
201,2019-01-29,10:01:00,2019,1,29,1,1,False
202,2019-03-15,11:57:00,2019,3,15,1,4,False
203,2019-01-14,10:02:00,2019,1,14,1,0,False
204,2019-02-06,14:51:00,2019,2,6,1,2,False
205,2019-02-15,12:42:00,2019,2,15,1,4,False
206,2019-01-03,12:02:00,2019,1,3,1,3,False
207,2019-01-04,18:19:00,2019,1,4,1,4,False
208,2019-03-18,17:38:00,2019,3,18,1,0,False
209,2019-03-28,13:41:00,2019,3,28,1,3,False
210,2019-03-02,19:42:00,2019,3,2,1,5,True
211,2019-01-25,20:24:00,2019,1,25,1,4,False
212,2019-01-16,18:08:00,2019,1,16,1,2,False
213,2019-03-20,19:17:00,2019,3,20,1,2,False
214,2019-01-04,13:24:00,2019,1,4,1,4,False
215,2019-03-11,15:53:00,2019,3,11,1,0,False
216,2019-03-22,15:05:00,2019,3,22,1,4,False
217,2019-03-24,18:27:00,2019,3,24,1,6,True
218,2019-02-21,16:55:00,2019,2,21,1,3,False
219,2019-02-12,12:58:00,2019,2,12,1,1,False
220,2019-03-10,18:59:00,2019,3,10,1,6,True
221,2019-01-31,13:44:00,2019,1,31,1,3,False
222,2019-03-06,13:46:00,2019,3,6,1,2,False
223,2019-02-17,18:06:00,2019,2,17,1,6,True
224,2019-02-21,12:38:00,2019,2,21,1,3,False
225,2019-03-20,15:56:00,2019,3,20,1,2,False
226,2019-01-11,14:29:00,2019,1,11,1,4,False
227,2019-01-26,19:14:00,2019,1,26,1,5,True
228,2019-01-31,16:24:00,2019,1,31,1,3,False
229,2019-02-26,10:52:00,2019,2,26,1,1,False
230,2019-03-11,12:55:00,2019,3,11,1,0,False
231,2019-01-26,19:28:00,2019,1,26,1,5,True
232,2019-03-12,13:52:00,2019,3,12,1,1,False
233,2019-02-11,10:54:00,2019,2,11,1,0,False
234,2019-02-21,18:31:00,2019,2,21,1,3,False
235,2019-03-09,18:24:00,2019,3,9,1,5,True
236,2019-01-20,18:09:00,2019,1,20,1,6,True
237,2019-01-28,15:16:00,2019,1,28,1,0,False
238,2019-03-05,17:07:00,2019,3,5,1,1,False
239,2019-03-02,19:26:00,2019,3,2,1,5,True
240,2019-01-11,11:20:00,2019,1,11,1,4,False
241,2019-01-11,16:49:00,2019,1,11,1,4,False
242,2019-03-11,12:01:00,2019,3,11,1,0,False
243,2019-02-28,18:37:00,2019,2,28,1,3,False
244,2019-01-05,11:25:00,2019,1,5,1,5,True
245,2019-02-02,18:42:00,2019,2,2,1,5,True
246,2019-01-01,14:47:00,2019,1,1,1,1,False
247,2019-02-09,19:43:00,2019,2,9,1,5,True
248,2019-01-23,14:04:00,2019,1,23,1,2,False
249,2019-01-07,16:11:00,2019,1,7,1,0,False
250,2019-01-14,19:06:00,2019,1,14,1,0,False
251,2019-02-02,15:34:00,2019,2,2,1,5,True
252,2019-03-17,19:06:00,2019,3,17,1,6,True
253,2019-03-02,19:44:00,2019,3,2,1,5,True
254,2019-03-16,11:22:00,2019,3,16,1,5,True
255,2019-01-06,11:23:00,2019,1,6,1,6,True
256,2019-01-29,14:12:00,2019,1,29,1,1,False
257,2019-01-31,10:46:00,2019,1,31,1,3,False
258,2019-02-05,10:16:00,2019,2,5,1,1,False
259,2019-02-13,12:38:00,2019,2,13,1,2,False
260,2019-02-07,13:05:00,2019,2,7,1,3,False
261,2019-03-19,13:25:00,2019,3,19,1,1,False
262,2019-03-07,14:53:00,2019,3,7,1,3,False
263,2019-03-13,19:22:00,2019,3,13,1,2,False
264,2019-02-09,11:00:00,2019,2,9,1,5,True
265,2019-02-26,19:24:00,2019,2,26,1,1,False
266,2019-03-12,12:43:00,2019,3,12,1,1,False
267,2019-03-14,17:22:00,2019,3,14,1,3,False
268,2019-01-08,20:55:00,2019,1,8,1,1,False
269,2019-01-05,16:05:00,2019,1,5,1,5,True
270,2019-01-04,13:34:00,2019,1,4,1,4,False
271,2019-03-06,18:13:00,2019,3,6,1,2,False
272,2019-01-03,19:17:00,2019,1,3,1,3,False
273,2019-01-07,11:44:00,2019,1,7,1,0,False
274,2019-01-27,15:51:00,2019,1,27,1,6,True
275,2019-02-26,16:52:00,2019,2,26,1,1,False
276,2019-01-07,20:52:00,2019,1,7,1,0,False
277,2019-01-07,17:36:00,2019,1,7,1,0,False
278,2019-02-02,13:23:00,2019,2,2,1,5,True
279,2019-03-20,16:28:00,2019,3,20,1,2,False
280,2019-03-20,19:57:00,2019,3,20,1,2,False
281,2019-02-15,17:01:00,2019,2,15,1,4,False
282,2019-03-06,13:29:00,2019,3,6,1,2,False
283,2019-01-06,11:09:00,2019,1,6,1,6,True
284,2019-03-04,15:02:00,2019,3,4,1,0,False
285,2019-03-12,14:21:00,2019,3,12,1,1,False
286,2019-02-20,18:01:00,2019,2,20,1,2,False
287,2019-03-24,14:49:00,2019,3,24,1,6,True
288,2019-01-31,12:02:00,2019,1,31,1,3,False
289,2019-01-25,13:30:00,2019,1,25,1,4,False
290,2019-02-03,14:38:00,2019,2,3,1,6,True
291,2019-01-24,17:37:00,2019,1,24,1,3,False
292,2019-03-14,17:20:00,2019,3,14,1,3,False
293,2019-02-18,20:29:00,2019,2,18,1,0,False
294,2019-01-21,10:00:00,2019,1,21,1,0,False
295,2019-03-13,11:46:00,2019,3,13,1,2,False
296,2019-03-03,13:42:00,2019,3,3,1,6,True
297,2019-03-29,14:44:00,2019,3,29,1,4,False
298,2019-01-10,14:16:00,2019,1,10,1,3,False
299,2019-01-25,15:54:00,2019,1,25,1,4,False
300,2019-01-19,10:21:00,2019,1,19,1,5,True
301,2019-01-02,18:09:00,2019,1,2,1,2,False
302,2019-03-12,16:46:00,2019,3,12,1,1,False
303,2019-02-25,15:31:00,2019,2,25,1,0,False
304,2019-03-18,17:15:00,2019,3,18,1,0,False
305,2019-02-23,12:29:00,2019,2,23,1,5,True
306,2019-03-26,20:14:00,2019,3,26,1,1,False
307,2019-03-30,13:22:00,2019,3,30,1,5,True
308,2019-02-17,17:09:00,2019,2,17,1,6,True
309,2019-03-21,10:40:00,2019,3,21,1,3,False
310,2019-03-05,17:43:00,2019,3,5,1,1,False
311,2019-01-31,14:04:00,2019,1,31,1,3,False
312,2019-02-05,19:05:00,2019,2,5,1,1,False
313,2019-02-01,10:08:00,2019,2,1,1,4,False
314,2019-03-07,13:12:00,2019,3,7,1,3,False
315,2019-02-10,20:51:00,2019,2,10,1,6,True
316,2019-02-14,17:29:00,2019,2,14,1,3,False
317,2019-02-09,10:25:00,2019,2,9,1,5,True
318,2019-01-10,11:34:00,2019,1,10,1,3,False
319,2019-03-11,18:58:00,2019,3,11,1,0,False
320,2019-02-18,16:28:00,2019,2,18,1,0,False
321,2019-02-26,20:26:00,2019,2,26,1,1,False
322,2019-01-18,15:08:00,2019,1,18,1,4,False
323,2019-02-15,18:03:00,2019,2,15,1,4,False
324,2019-03-08,13:21:00,2019,3,8,1,4,False
325,2019-01-17,12:48:00,2019,1,17,1,3,False
326,2019-03-12,19:53:00,2019,3,12,1,1,False
327,2019-03-09,19:09:00,2019,3,9,1,5,True
328,2019-03-12,16:30:00,2019,3,12,1,1,False
329,2019-01-25,10:11:00,2019,1,25,1,4,False
330,2019-03-25,13:07:00,2019,3,25,1,0,False
331,2019-02-07,18:48:00,2019,2,7,1,3,False
332,2019-02-17,17:27:00,2019,2,17,1,6,True
333,2019-02-03,15:59:00,2019,2,3,1,6,True
334,2019-03-14,11:21:00,2019,3,14,1,3,False
335,2019-03-24,13:48:00,2019,3,24,1,6,True
336,2019-03-21,10:17:00,2019,3,21,1,3,False
337,2019-03-19,15:49:00,2019,3,19,1,1,False
338,2019-02-24,13:02:00,2019,2,24,1,6,True
339,2019-03-28,12:58:00,2019,3,28,1,3,False
340,2019-02-05,15:26:00,2019,2,5,1,1,False
341,2019-02-10,18:23:00,2019,2,10,1,6,True
342,2019-03-05,19:06:00,2019,3,5,1,1,False
343,2019-02-15,20:21:00,2019,2,15,1,4,False
344,2019-01-30,16:24:00,2019,1,30,1,2,False
345,2019-02-14,15:04:00,2019,2,14,1,3,False
346,2019-02-27,16:10:00,2019,2,27,1,2,False
347,2019-02-04,12:14:00,2019,2,4,1,0,False
348,2019-01-20,10:13:00,2019,1,20,1,6,True
349,2019-03-28,17:38:00,2019,3,28,1,3,False
350,2019-02-27,11:06:00,2019,2,27,1,2,False
351,2019-02-15,14:53:00,2019,2,15,1,4,False
352,2019-01-26,18:22:00,2019,1,26,1,5,True
353,2019-03-14,19:02:00,2019,3,14,1,3,False
354,2019-03-02,14:16:00,2019,3,2,1,5,True
355,2019-03-04,15:44:00,2019,3,4,1,0,False
356,2019-01-07,12:20:00,2019,1,7,1,0,False
357,2019-03-08,20:01:00,2019,3,8,1,4,False
358,2019-01-09,13:45:00,2019,1,9,1,2,False
359,2019-03-01,15:40:00,2019,3,1,1,4,False
360,2019-03-16,16:58:00,2019,3,16,1,5,True
361,2019-02-17,11:12:00,2019,2,17,1,6,True
362,2019-02-27,15:12:00,2019,2,27,1,2,False
363,2019-03-07,20:37:00,2019,3,7,1,3,False
364,2019-01-21,17:44:00,2019,1,21,1,0,False
365,2019-02-19,16:23:00,2019,2,19,1,1,False
366,2019-01-06,12:12:00,2019,1,6,1,6,True
367,2019-03-14,19:33:00,2019,3,14,1,3,False
368,2019-03-24,10:29:00,2019,3,24,1,6,True
369,2019-01-27,14:28:00,2019,1,27,1,6,True
370,2019-03-06,12:46:00,2019,3,6,1,2,False
371,2019-02-02,19:40:00,2019,2,2,1,5,True
372,2019-01-25,19:39:00,2019,1,25,1,4,False
373,2019-03-14,17:54:00,2019,3,14,1,3,False
374,2019-01-29,12:25:00,2019,1,29,1,1,False
375,2019-01-03,16:47:00,2019,1,3,1,3,False
376,2019-01-14,12:52:00,2019,1,14,1,0,False
377,2019-01-05,19:50:00,2019,1,5,1,5,True
378,2019-02-22,18:17:00,2019,2,22,1,4,False
379,2019-02-06,17:20:00,2019,2,6,1,2,False
380,2019-01-30,13:32:00,2019,1,30,1,2,False
381,2019-01-11,10:37:00,2019,1,11,1,4,False
382,2019-03-19,14:35:00,2019,3,19,1,1,False
383,2019-01-14,12:09:00,2019,1,14,1,0,False
384,2019-03-01,15:32:00,2019,3,1,1,4,False
385,2019-01-06,13:58:00,2019,1,6,1,6,True
386,2019-01-31,13:19:00,2019,1,31,1,3,False
387,2019-03-11,13:37:00,2019,3,11,1,0,False
388,2019-02-20,16:49:00,2019,2,20,1,2,False
389,2019-01-27,14:55:00,2019,1,27,1,6,True
390,2019-03-10,14:04:00,2019,3,10,1,6,True
391,2019-02-15,12:31:00,2019,2,15,1,4,False
392,2019-01-26,14:51:00,2019,1,26,1,5,True
393,2019-02-13,18:27:00,2019,2,13,1,2,False
394,2019-03-09,12:45:00,2019,3,9,1,5,True
395,2019-03-06,10:36:00,2019,3,6,1,2,False
396,2019-01-24,20:36:00,2019,1,24,1,3,False
397,2019-03-13,14:16:00,2019,3,13,1,2,False
398,2019-03-15,10:26:00,2019,3,15,1,4,False
399,2019-03-05,13:30:00,2019,3,5,1,1,False
400,2019-03-04,16:28:00,2019,3,4,1,0,False
401,2019-03-25,20:18:00,2019,3,25,1,0,False
402,2019-03-12,20:04:00,2019,3,12,1,1,False
403,2019-02-04,13:38:00,2019,2,4,1,0,False
404,2019-02-22,10:43:00,2019,2,22,1,4,False
405,2019-02-16,17:30:00,2019,2,16,1,5,True
406,2019-01-19,15:28:00,2019,1,19,1,5,True
407,2019-01-11,19:07:00,2019,1,11,1,4,False
408,2019-01-04,19:01:00,2019,1,4,1,4,False
409,2019-03-04,19:48:00,2019,3,4,1,0,False
410,2019-01-28,19:24:00,2019,1,28,1,0,False
411,2019-01-02,13:00:00,2019,1,2,1,2,False
412,2019-01-25,14:29:00,2019,1,25,1,4,False
413,2019-01-04,13:21:00,2019,1,4,1,4,False
414,2019-03-10,18:55:00,2019,3,10,1,6,True
415,2019-03-22,19:36:00,2019,3,22,1,4,False
416,2019-01-25,16:28:00,2019,1,25,1,4,False
417,2019-01-08,13:48:00,2019,1,8,1,1,False
418,2019-01-22,10:57:00,2019,1,22,1,1,False
419,2019-01-12,17:13:00,2019,1,12,1,5,True
420,2019-02-04,10:23:00,2019,2,4,1,0,False
421,2019-03-28,13:57:00,2019,3,28,1,3,False
422,2019-01-23,13:29:00,2019,1,23,1,2,False
423,2019-02-08,13:00:00,2019,2,8,1,4,False
424,2019-03-19,19:42:00,2019,3,19,1,1,False
425,2019-03-09,15:36:00,2019,3,9,1,5,True
426,2019-01-02,13:40:00,2019,1,2,1,2,False
427,2019-01-21,18:01:00,2019,1,21,1,0,False
428,2019-03-20,13:53:00,2019,3,20,1,2,False
429,2019-02-27,17:27:00,2019,2,27,1,2,False
430,2019-03-08,10:53:00,2019,3,8,1,4,False
431,2019-01-31,19:48:00,2019,1,31,1,3,False
432,2019-03-08,16:53:00,2019,3,8,1,4,False
433,2019-01-13,19:14:00,2019,1,13,1,6,True
434,2019-03-09,14:36:00,2019,3,9,1,5,True
435,2019-02-22,18:19:00,2019,2,22,1,4,False
436,2019-03-19,19:09:00,2019,3,19,1,1,False
437,2019-01-20,16:51:00,2019,1,20,1,6,True
438,2019-03-08,15:37:00,2019,3,8,1,4,False
439,2019-03-08,20:15:00,2019,3,8,1,4,False
440,2019-02-07,14:38:00,2019,2,7,1,3,False
441,2019-01-15,19:25:00,2019,1,15,1,1,False
442,2019-03-22,19:35:00,2019,3,22,1,4,False
443,2019-01-15,15:42:00,2019,1,15,1,1,False
444,2019-01-08,14:11:00,2019,1,8,1,1,False
445,2019-01-15,10:43:00,2019,1,15,1,1,False
446,2019-01-28,17:58:00,2019,1,28,1,0,False
447,2019-02-14,11:26:00,2019,2,14,1,3,False
448,2019-03-10,17:38:00,2019,3,10,1,6,True
449,2019-01-12,20:07:00,2019,1,12,1,5,True
450,2019-03-26,11:02:00,2019,3,26,1,1,False
451,2019-01-01,19:07:00,2019,1,1,1,1,False
452,2019-01-02,18:50:00,2019,1,2,1,2,False
453,2019-03-16,12:43:00,2019,3,16,1,5,True
454,2019-03-03,15:09:00,2019,3,3,1,6,True
455,2019-01-31,13:47:00,2019,1,31,1,3,False
456,2019-02-13,16:59:00,2019,2,13,1,2,False
457,2019-02-15,14:15:00,2019,2,15,1,4,False
458,2019-02-07,20:24:00,2019,2,7,1,3,False
459,2019-01-27,13:58:00,2019,1,27,1,6,True
460,2019-02-23,16:52:00,2019,2,23,1,5,True
461,2019-02-03,15:19:00,2019,2,3,1,6,True
462,2019-03-03,12:25:00,2019,3,3,1,6,True
463,2019-02-03,10:02:00,2019,2,3,1,6,True
464,2019-03-17,18:58:00,2019,3,17,1,6,True
465,2019-03-28,15:31:00,2019,3,28,1,3,False
466,2019-03-02,11:22:00,2019,3,2,1,5,True
467,2019-02-08,13:12:00,2019,2,8,1,4,False
468,2019-03-22,18:33:00,2019,3,22,1,4,False
469,2019-02-09,10:02:00,2019,2,9,1,5,True
470,2019-02-15,11:21:00,2019,2,15,1,4,False
471,2019-01-23,12:10:00,2019,1,23,1,2,False
472,2019-01-25,11:40:00,2019,1,25,1,4,False
473,2019-02-02,18:31:00,2019,2,2,1,5,True
474,2019-03-30,17:58:00,2019,3,30,1,5,True
475,2019-03-30,17:04:00,2019,3,30,1,5,True
476,2019-02-25,20:35:00,2019,2,25,1,0,False
477,2019-03-18,16:10:00,2019,3,18,1,0,False
478,2019-03-07,16:54:00,2019,3,7,1,3,False
479,2019-03-16,10:11:00,2019,3,16,1,5,True
480,2019-01-29,11:26:00,2019,1,29,1,1,False
481,2019-02-02,20:29:00,2019,2,2,1,5,True
482,2019-02-15,12:12:00,2019,2,15,1,4,False
483,2019-01-08,13:05:00,2019,1,8,1,1,False
484,2019-02-12,16:19:00,2019,2,12,1,1,False
485,2019-01-01,19:48:00,2019,1,1,1,1,False
486,2019-03-21,15:25:00,2019,3,21,1,3,False
487,2019-02-28,14:42:00,2019,2,28,1,3,False
488,2019-03-23,18:59:00,2019,3,23,1,5,True
489,2019-01-30,20:47:00,2019,1,30,1,2,False
490,2019-02-04,13:21:00,2019,2,4,1,0,False
491,2019-03-13,19:48:00,2019,3,13,1,2,False
492,2019-03-15,18:20:00,2019,3,15,1,4,False
493,2019-03-05,20:24:00,2019,3,5,1,1,False
494,2019-03-05,13:44:00,2019,3,5,1,1,False
495,2019-02-26,11:48:00,2019,2,26,1,1,False
496,2019-03-20,14:14:00,2019,3,20,1,2,False
497,2019-01-01,15:51:00,2019,1,1,1,1,False
498,2019-01-27,11:17:00,2019,1,27,1,6,True
499,2019-01-21,17:36:00,2019,1,21,1,0,False
500,2019-02-02,15:47:00,2019,2,2,1,5,True
501,2019-02-03,15:53:00,2019,2,3,1,6,True
502,2019-01-05,12:40:00,2019,1,5,1,5,True
503,2019-01-27,19:48:00,2019,1,27,1,6,True
504,2019-03-25,17:53:00,2019,3,25,1,0,False
505,2019-02-25,16:36:00,2019,2,25,1,0,False
506,2019-01-28,20:54:00,2019,1,28,1,0,False
507,2019-01-08,12:50:00,2019,1,8,1,1,False
508,2019-01-29,10:48:00,2019,1,29,1,1,False
509,2019-03-29,14:28:00,2019,3,29,1,4,False
510,2019-02-09,17:15:00,2019,2,9,1,5,True
511,2019-01-16,18:03:00,2019,1,16,1,2,False
512,2019-01-05,17:29:00,2019,1,5,1,5,True
513,2019-01-27,18:05:00,2019,1,27,1,6,True
514,2019-03-14,12:07:00,2019,3,14,1,3,False
515,2019-02-23,19:49:00,2019,2,23,1,5,True
516,2019-03-18,15:52:00,2019,3,18,1,0,False
517,2019-03-29,16:48:00,2019,3,29,1,4,False
518,2019-01-22,20:46:00,2019,1,22,1,1,False
519,2019-03-01,18:14:00,2019,3,1,1,4,False
520,2019-01-17,15:05:00,2019,1,17,1,3,False
521,2019-03-26,10:34:00,2019,3,26,1,1,False
522,2019-03-20,11:23:00,2019,3,20,1,2,False
523,2019-02-06,13:55:00,2019,2,6,1,2,False
524,2019-01-01,11:43:00,2019,1,1,1,1,False
525,2019-01-27,14:36:00,2019,1,27,1,6,True
526,2019-02-25,16:03:00,2019,2,25,1,0,False
527,2019-01-16,20:03:00,2019,1,16,1,2,False
528,2019-01-13,14:55:00,2019,1,13,1,6,True
529,2019-02-17,19:41:00,2019,2,17,1,6,True
530,2019-02-12,19:01:00,2019,2,12,1,1,False
531,2019-01-24,18:04:00,2019,1,24,1,3,False
532,2019-02-06,19:20:00,2019,2,6,1,2,False
533,2019-03-26,10:31:00,2019,3,26,1,1,False
534,2019-03-11,13:28:00,2019,3,11,1,0,False
535,2019-02-07,11:36:00,2019,2,7,1,3,False
536,2019-01-05,11:32:00,2019,1,5,1,5,True
537,2019-03-07,11:44:00,2019,3,7,1,3,False
538,2019-02-25,17:16:00,2019,2,25,1,0,False
539,2019-02-01,18:43:00,2019,2,1,1,4,False
540,2019-01-22,11:00:00,2019,1,22,1,1,False
541,2019-01-03,10:30:00,2019,1,3,1,3,False
542,2019-02-13,12:14:00,2019,2,13,1,2,False
543,2019-01-28,16:43:00,2019,1,28,1,0,False
544,2019-01-05,20:40:00,2019,1,5,1,5,True
545,2019-03-19,13:40:00,2019,3,19,1,1,False
546,2019-01-12,16:23:00,2019,1,12,1,5,True
547,2019-01-07,12:08:00,2019,1,7,1,0,False
548,2019-01-26,17:45:00,2019,1,26,1,5,True
549,2019-01-23,10:28:00,2019,1,23,1,2,False
550,2019-02-09,20:31:00,2019,2,9,1,5,True
551,2019-02-22,10:49:00,2019,2,22,1,4,False
552,2019-02-05,12:34:00,2019,2,5,1,1,False
553,2019-03-07,10:23:00,2019,3,7,1,3,False
554,2019-03-25,18:51:00,2019,3,25,1,0,False
555,2019-01-20,13:45:00,2019,1,20,1,6,True
556,2019-02-04,19:38:00,2019,2,4,1,0,False
557,2019-01-30,20:23:00,2019,1,30,1,2,False
558,2019-01-02,15:24:00,2019,1,2,1,2,False
559,2019-03-29,16:54:00,2019,3,29,1,4,False
560,2019-03-14,12:32:00,2019,3,14,1,3,False
561,2019-02-11,15:42:00,2019,2,11,1,0,False
562,2019-01-30,13:58:00,2019,1,30,1,2,False
563,2019-03-20,15:08:00,2019,3,20,1,2,False
564,2019-03-20,13:02:00,2019,3,20,1,2,False
565,2019-01-17,13:01:00,2019,1,17,1,3,False
566,2019-02-03,16:40:00,2019,2,3,1,6,True
567,2019-01-01,13:55:00,2019,1,1,1,1,False
568,2019-01-10,10:33:00,2019,1,10,1,3,False
569,2019-03-02,16:42:00,2019,3,2,1,5,True
570,2019-01-29,11:48:00,2019,1,29,1,1,False
571,2019-03-10,19:35:00,2019,3,10,1,6,True
572,2019-01-13,19:55:00,2019,1,13,1,6,True
573,2019-03-22,14:33:00,2019,3,22,1,4,False
574,2019-03-01,19:49:00,2019,3,1,1,4,False
575,2019-02-20,18:43:00,2019,2,20,1,2,False
576,2019-01-14,14:43:00,2019,1,14,1,0,False
577,2019-03-26,13:54:00,2019,3,26,1,1,False
578,2019-03-01,12:15:00,2019,3,1,1,4,False
579,2019-01-07,12:37:00,2019,1,7,1,0,False
580,2019-02-01,19:54:00,2019,2,1,1,4,False
581,2019-02-13,15:06:00,2019,2,13,1,2,False
582,2019-01-14,18:03:00,2019,1,14,1,0,False
583,2019-01-19,15:58:00,2019,1,19,1,5,True
584,2019-03-09,13:53:00,2019,3,9,1,5,True
585,2019-03-27,14:03:00,2019,3,27,1,2,False
586,2019-02-04,16:38:00,2019,2,4,1,0,False
587,2019-03-14,11:07:00,2019,3,14,1,3,False
588,2019-03-04,12:23:00,2019,3,4,1,0,False
589,2019-03-03,10:54:00,2019,3,3,1,6,True
590,2019-01-27,17:38:00,2019,1,27,1,6,True
591,2019-02-07,14:13:00,2019,2,7,1,3,False
592,2019-02-05,11:51:00,2019,2,5,1,1,False
593,2019-03-15,13:05:00,2019,3,15,1,4,False
594,2019-03-01,11:30:00,2019,3,1,1,4,False
595,2019-02-15,13:30:00,2019,2,15,1,4,False
596,2019-02-17,19:11:00,2019,2,17,1,6,True
597,2019-01-26,18:53:00,2019,1,26,1,5,True
598,2019-03-24,14:22:00,2019,3,24,1,6,True
599,2019-01-23,17:16:00,2019,1,23,1,2,False
600,2019-01-26,10:06:00,2019,1,26,1,5,True
601,2019-03-14,20:35:00,2019,3,14,1,3,False
602,2019-03-17,13:54:00,2019,3,17,1,6,True
603,2019-01-08,20:08:00,2019,1,8,1,1,False
604,2019-02-08,15:26:00,2019,2,8,1,4,False
605,2019-02-10,12:56:00,2019,2,10,1,6,True
606,2019-03-28,19:16:00,2019,3,28,1,3,False
607,2019-01-23,12:20:00,2019,1,23,1,2,False
608,2019-01-17,10:37:00,2019,1,17,1,3,False
609,2019-02-07,10:18:00,2019,2,7,1,3,False
610,2019-03-09,11:23:00,2019,3,9,1,5,True
611,2019-01-24,11:45:00,2019,1,24,1,3,False
612,2019-01-19,16:08:00,2019,1,19,1,5,True
613,2019-02-03,11:25:00,2019,2,3,1,6,True
614,2019-03-20,12:24:00,2019,3,20,1,2,False
615,2019-01-13,19:51:00,2019,1,13,1,6,True
616,2019-03-14,18:10:00,2019,3,14,1,3,False
617,2019-01-23,11:22:00,2019,1,23,1,2,False
618,2019-02-07,17:55:00,2019,2,7,1,3,False
619,2019-03-28,15:30:00,2019,3,28,1,3,False
620,2019-03-20,19:44:00,2019,3,20,1,2,False
621,2019-01-17,15:27:00,2019,1,17,1,3,False
622,2019-01-12,11:25:00,2019,1,12,1,5,True
623,2019-02-16,15:42:00,2019,2,16,1,5,True
624,2019-01-26,16:04:00,2019,1,26,1,5,True
625,2019-03-09,12:37:00,2019,3,9,1,5,True
626,2019-03-14,14:41:00,2019,3,14,1,3,False
627,2019-01-25,14:19:00,2019,1,25,1,4,False
628,2019-01-26,18:19:00,2019,1,26,1,5,True
629,2019-01-19,14:08:00,2019,1,19,1,5,True
630,2019-03-05,16:38:00,2019,3,5,1,1,False
631,2019-01-15,10:54:00,2019,1,15,1,1,False
632,2019-03-18,11:29:00,2019,3,18,1,0,False
633,2019-03-20,19:28:00,2019,3,20,1,2,False
634,2019-01-15,15:01:00,2019,1,15,1,1,False
635,2019-03-03,20:31:00,2019,3,3,1,6,True
636,2019-03-19,12:16:00,2019,3,19,1,1,False
637,2019-03-08,15:27:00,2019,3,8,1,4,False
638,2019-02-27,17:36:00,2019,2,27,1,2,False
639,2019-02-23,20:00:00,2019,2,23,1,5,True
640,2019-03-19,15:29:00,2019,3,19,1,1,False
641,2019-03-27,15:08:00,2019,3,27,1,2,False
642,2019-03-30,19:26:00,2019,3,30,1,5,True
643,2019-02-16,15:53:00,2019,2,16,1,5,True
644,2019-01-18,18:43:00,2019,1,18,1,4,False
645,2019-03-30,14:58:00,2019,3,30,1,5,True
646,2019-03-20,19:55:00,2019,3,20,1,2,False
647,2019-01-16,15:10:00,2019,1,16,1,2,False
648,2019-02-24,16:44:00,2019,2,24,1,6,True
649,2019-01-15,18:22:00,2019,1,15,1,1,False
650,2019-01-22,11:52:00,2019,1,22,1,1,False
651,2019-02-03,17:24:00,2019,2,3,1,6,True
652,2019-03-06,15:31:00,2019,3,6,1,2,False
653,2019-02-16,18:04:00,2019,2,16,1,5,True
654,2019-03-14,14:13:00,2019,3,14,1,3,False
655,2019-02-27,10:23:00,2019,2,27,1,2,False
656,2019-01-18,10:11:00,2019,1,18,1,4,False
657,2019-01-29,15:48:00,2019,1,29,1,1,False
658,2019-02-26,17:46:00,2019,2,26,1,1,False
659,2019-02-03,11:46:00,2019,2,3,1,6,True
660,2019-01-16,12:07:00,2019,1,16,1,2,False
661,2019-03-24,18:14:00,2019,3,24,1,6,True
662,2019-02-12,14:45:00,2019,2,12,1,1,False
663,2019-02-21,11:39:00,2019,2,21,1,3,False
664,2019-02-04,15:44:00,2019,2,4,1,0,False
665,2019-02-20,13:06:00,2019,2,20,1,2,False
666,2019-02-23,20:43:00,2019,2,23,1,5,True
667,2019-02-16,14:19:00,2019,2,16,1,5,True
668,2019-01-17,10:01:00,2019,1,17,1,3,False
669,2019-01-14,19:30:00,2019,1,14,1,0,False
670,2019-03-30,16:34:00,2019,3,30,1,5,True
671,2019-03-02,13:10:00,2019,3,2,1,5,True
672,2019-02-15,17:10:00,2019,2,15,1,4,False
673,2019-03-01,10:22:00,2019,3,1,1,4,False
674,2019-02-24,19:57:00,2019,2,24,1,6,True
675,2019-02-19,19:29:00,2019,2,19,1,1,False
676,2019-02-23,18:30:00,2019,2,23,1,5,True
677,2019-02-07,14:27:00,2019,2,7,1,3,False
678,2019-01-11,13:57:00,2019,1,11,1,4,False
679,2019-02-12,19:43:00,2019,2,12,1,1,False
680,2019-01-14,10:11:00,2019,1,14,1,0,False
681,2019-01-09,13:46:00,2019,1,9,1,2,False
682,2019-02-27,12:22:00,2019,2,27,1,2,False
683,2019-01-24,19:20:00,2019,1,24,1,3,False
684,2019-01-08,12:58:00,2019,1,8,1,1,False
685,2019-01-08,11:59:00,2019,1,8,1,1,False
686,2019-01-16,17:59:00,2019,1,16,1,2,False
687,2019-03-13,12:51:00,2019,3,13,1,2,False
688,2019-02-15,10:36:00,2019,2,15,1,4,False
689,2019-01-25,13:38:00,2019,1,25,1,4,False
690,2019-03-12,19:39:00,2019,3,12,1,1,False
691,2019-03-04,12:44:00,2019,3,4,1,0,False
692,2019-02-10,13:56:00,2019,2,10,1,6,True
693,2019-01-16,14:42:00,2019,1,16,1,2,False
694,2019-01-29,19:45:00,2019,1,29,1,1,False
695,2019-01-01,20:26:00,2019,1,1,1,1,False
696,2019-01-06,19:46:00,2019,1,6,1,6,True
697,2019-02-19,19:38:00,2019,2,19,1,1,False
698,2019-01-12,16:18:00,2019,1,12,1,5,True
699,2019-02-07,12:23:00,2019,2,7,1,3,False
700,2019-03-27,19:11:00,2019,3,27,1,2,False
701,2019-02-27,18:57:00,2019,2,27,1,2,False
702,2019-01-06,11:18:00,2019,1,6,1,6,True
703,2019-03-02,12:40:00,2019,3,2,1,5,True
704,2019-03-29,14:06:00,2019,3,29,1,4,False
705,2019-01-31,20:48:00,2019,1,31,1,3,False
706,2019-01-21,20:13:00,2019,1,21,1,0,False
707,2019-01-20,20:37:00,2019,1,20,1,6,True
708,2019-01-17,17:59:00,2019,1,17,1,3,False
709,2019-02-28,20:18:00,2019,2,28,1,3,False
710,2019-03-19,15:52:00,2019,3,19,1,1,False
711,2019-02-19,15:14:00,2019,2,19,1,1,False
712,2019-02-04,12:50:00,2019,2,4,1,0,False
713,2019-01-31,10:36:00,2019,1,31,1,3,False
714,2019-02-06,18:33:00,2019,2,6,1,2,False
715,2019-03-28,16:06:00,2019,3,28,1,3,False
716,2019-01-19,12:47:00,2019,1,19,1,5,True
717,2019-02-17,13:34:00,2019,2,17,1,6,True
718,2019-01-18,15:04:00,2019,1,18,1,4,False
719,2019-02-02,20:42:00,2019,2,2,1,5,True
720,2019-01-18,15:28:00,2019,1,18,1,4,False
721,2019-03-18,13:45:00,2019,3,18,1,0,False
722,2019-01-11,20:10:00,2019,1,11,1,4,False
723,2019-02-04,18:53:00,2019,2,4,1,0,False
724,2019-02-06,14:24:00,2019,2,6,1,2,False
725,2019-01-08,11:42:00,2019,1,8,1,1,False
726,2019-03-05,17:49:00,2019,3,5,1,1,False
727,2019-03-16,15:33:00,2019,3,16,1,5,True
728,2019-03-09,10:54:00,2019,3,9,1,5,True
729,2019-03-01,16:23:00,2019,3,1,1,4,False
730,2019-02-28,19:33:00,2019,2,28,1,3,False
731,2019-02-08,11:39:00,2019,2,8,1,4,False
732,2019-01-24,10:38:00,2019,1,24,1,3,False
733,2019-03-01,20:03:00,2019,3,1,1,4,False
734,2019-03-10,12:39:00,2019,3,10,1,6,True
735,2019-03-23,15:59:00,2019,3,23,1,5,True
736,2019-01-29,14:26:00,2019,1,29,1,1,False
737,2019-01-12,18:22:00,2019,1,12,1,5,True
738,2019-03-20,11:32:00,2019,3,20,1,2,False
739,2019-03-23,12:41:00,2019,3,23,1,5,True
740,2019-01-14,15:20:00,2019,1,14,1,0,False
741,2019-02-12,14:33:00,2019,2,12,1,1,False
742,2019-02-20,15:29:00,2019,2,20,1,2,False
743,2019-01-02,16:19:00,2019,1,2,1,2,False
744,2019-02-02,16:33:00,2019,2,2,1,5,True
745,2019-01-08,19:07:00,2019,1,8,1,1,False
746,2019-01-30,14:43:00,2019,1,30,1,2,False
747,2019-03-26,19:28:00,2019,3,26,1,1,False
748,2019-01-15,20:44:00,2019,1,15,1,1,False
749,2019-03-14,11:16:00,2019,3,14,1,3,False
750,2019-02-03,10:31:00,2019,2,3,1,6,True
751,2019-02-22,12:30:00,2019,2,22,1,4,False
752,2019-01-24,15:05:00,2019,1,24,1,3,False
753,2019-01-25,18:30:00,2019,1,25,1,4,False
754,2019-03-09,13:18:00,2019,3,9,1,5,True
755,2019-02-17,15:28:00,2019,2,17,1,6,True
756,2019-01-11,11:52:00,2019,1,11,1,4,False
757,2019-02-27,18:24:00,2019,2,27,1,2,False
758,2019-03-25,15:19:00,2019,3,25,1,0,False
759,2019-02-11,10:38:00,2019,2,11,1,0,False
760,2019-01-31,15:12:00,2019,1,31,1,3,False
761,2019-01-20,17:48:00,2019,1,20,1,6,True
762,2019-03-26,11:07:00,2019,3,26,1,1,False
763,2019-01-20,15:48:00,2019,1,20,1,6,True
764,2019-03-05,19:40:00,2019,3,5,1,1,False
765,2019-01-05,20:30:00,2019,1,5,1,5,True
766,2019-02-13,13:59:00,2019,2,13,1,2,False
767,2019-03-16,18:51:00,2019,3,16,1,5,True
768,2019-01-15,17:24:00,2019,1,15,1,1,False
769,2019-02-26,11:58:00,2019,2,26,1,1,False
770,2019-02-27,19:01:00,2019,2,27,1,2,False
771,2019-02-17,16:50:00,2019,2,17,1,6,True
772,2019-02-06,10:22:00,2019,2,6,1,2,False
773,2019-01-17,16:46:00,2019,1,17,1,3,False
774,2019-01-22,18:08:00,2019,1,22,1,1,False
775,2019-03-05,18:02:00,2019,3,5,1,1,False
776,2019-01-03,13:07:00,2019,1,3,1,3,False
777,2019-03-20,17:52:00,2019,3,20,1,2,False
778,2019-01-31,20:32:00,2019,1,31,1,3,False
779,2019-02-19,19:24:00,2019,2,19,1,1,False
780,2019-02-11,16:06:00,2019,2,11,1,0,False
781,2019-02-05,14:14:00,2019,2,5,1,1,False
782,2019-03-03,17:36:00,2019,3,3,1,6,True
783,2019-02-24,13:08:00,2019,2,24,1,6,True
784,2019-02-04,16:09:00,2019,2,4,1,0,False
785,2019-02-19,11:33:00,2019,2,19,1,1,False
786,2019-01-23,10:18:00,2019,1,23,1,2,False
787,2019-01-14,10:55:00,2019,1,14,1,0,False
788,2019-01-17,15:15:00,2019,1,17,1,3,False
789,2019-03-03,20:06:00,2019,3,3,1,6,True
790,2019-01-15,13:48:00,2019,1,15,1,1,False
791,2019-02-27,12:52:00,2019,2,27,1,2,False
792,2019-02-26,12:28:00,2019,2,26,1,1,False
793,2019-03-15,16:26:00,2019,3,15,1,4,False
794,2019-01-24,13:24:00,2019,1,24,1,3,False
795,2019-02-22,15:15:00,2019,2,22,1,4,False
796,2019-03-15,10:50:00,2019,3,15,1,4,False
797,2019-02-11,18:38:00,2019,2,11,1,0,False
798,2019-01-12,16:45:00,2019,1,12,1,5,True
799,2019-03-03,19:30:00,2019,3,3,1,6,True
800,2019-03-23,13:23:00,2019,3,23,1,5,True
801,2019-03-04,11:27:00,2019,3,4,1,0,False
802,2019-02-23,11:12:00,2019,2,23,1,5,True
803,2019-03-17,16:36:00,2019,3,17,1,6,True
804,2019-01-16,18:41:00,2019,1,16,1,2,False
805,2019-01-08,17:12:00,2019,1,8,1,1,False
806,2019-01-14,10:38:00,2019,1,14,1,0,False
807,2019-01-31,10:33:00,2019,1,31,1,3,False
808,2019-03-15,14:38:00,2019,3,15,1,4,False
809,2019-02-24,18:06:00,2019,2,24,1,6,True
810,2019-02-08,12:52:00,2019,2,8,1,4,False
811,2019-03-22,14:00:00,2019,3,22,1,4,False
812,2019-01-24,10:57:00,2019,1,24,1,3,False
813,2019-03-14,16:45:00,2019,3,14,1,3,False
814,2019-01-23,11:15:00,2019,1,23,1,2,False
815,2019-01-19,20:29:00,2019,1,19,1,5,True
816,2019-01-27,20:03:00,2019,1,27,1,6,True
817,2019-02-03,14:35:00,2019,2,3,1,6,True
818,2019-03-25,16:32:00,2019,3,25,1,0,False
819,2019-02-24,10:10:00,2019,2,24,1,6,True
820,2019-02-07,14:15:00,2019,2,7,1,3,False
821,2019-03-04,10:05:00,2019,3,4,1,0,False
822,2019-02-14,11:36:00,2019,2,14,1,3,False
823,2019-01-29,18:15:00,2019,1,29,1,1,False
824,2019-01-28,13:53:00,2019,1,28,1,0,False
825,2019-03-26,18:37:00,2019,3,26,1,1,False
826,2019-01-01,14:42:00,2019,1,1,1,1,False
827,2019-01-24,17:43:00,2019,1,24,1,3,False
828,2019-02-25,18:37:00,2019,2,25,1,0,False
829,2019-01-09,16:34:00,2019,1,9,1,2,False
830,2019-02-14,14:42:00,2019,2,14,1,3,False
831,2019-03-12,11:01:00,2019,3,12,1,1,False
832,2019-03-26,19:44:00,2019,3,26,1,1,False
833,2019-01-09,13:34:00,2019,1,9,1,2,False
834,2019-01-02,20:08:00,2019,1,2,1,2,False
835,2019-01-01,11:40:00,2019,1,1,1,1,False
836,2019-02-15,15:21:00,2019,2,15,1,4,False
837,2019-02-28,17:38:00,2019,2,28,1,3,False
838,2019-03-02,16:16:00,2019,3,2,1,5,True
839,2019-02-13,18:15:00,2019,2,13,1,2,False
840,2019-01-26,12:43:00,2019,1,26,1,5,True
841,2019-01-30,11:32:00,2019,1,30,1,2,False
842,2019-01-27,18:08:00,2019,1,27,1,6,True
843,2019-01-30,17:08:00,2019,1,30,1,2,False
844,2019-01-08,19:38:00,2019,1,8,1,1,False
845,2019-01-19,13:11:00,2019,1,19,1,5,True
846,2019-01-25,11:05:00,2019,1,25,1,4,False
847,2019-02-19,10:12:00,2019,2,19,1,1,False
848,2019-01-14,15:42:00,2019,1,14,1,0,False
849,2019-02-25,11:58:00,2019,2,25,1,0,False
850,2019-01-23,14:21:00,2019,1,23,1,2,False
851,2019-02-16,10:52:00,2019,2,16,1,5,True
852,2019-01-01,19:31:00,2019,1,1,1,1,False
853,2019-03-07,18:35:00,2019,3,7,1,3,False
854,2019-02-15,13:51:00,2019,2,15,1,4,False
855,2019-01-23,12:35:00,2019,1,23,1,2,False
856,2019-02-20,13:24:00,2019,2,20,1,2,False
857,2019-01-08,18:06:00,2019,1,8,1,1,False
858,2019-03-17,11:55:00,2019,3,17,1,6,True
859,2019-01-12,11:42:00,2019,1,12,1,5,True
860,2019-01-08,14:30:00,2019,1,8,1,1,False
861,2019-01-26,15:11:00,2019,1,26,1,5,True
862,2019-03-15,14:48:00,2019,3,15,1,4,False
863,2019-01-17,12:36:00,2019,1,17,1,3,False
864,2019-01-08,19:09:00,2019,1,8,1,1,False
865,2019-01-06,13:35:00,2019,1,6,1,6,True
866,2019-02-16,10:33:00,2019,2,16,1,5,True
867,2019-03-13,15:45:00,2019,3,13,1,2,False
868,2019-01-28,11:51:00,2019,1,28,1,0,False
869,2019-01-18,17:26:00,2019,1,18,1,4,False
870,2019-03-19,11:52:00,2019,3,19,1,1,False
871,2019-03-15,14:04:00,2019,3,15,1,4,False
872,2019-02-12,17:49:00,2019,2,12,1,1,False
873,2019-02-25,20:19:00,2019,2,25,1,0,False
874,2019-03-21,16:08:00,2019,3,21,1,3,False
875,2019-01-19,10:17:00,2019,1,19,1,5,True
876,2019-01-08,14:25:00,2019,1,8,1,1,False
877,2019-03-30,12:51:00,2019,3,30,1,5,True
878,2019-02-20,15:18:00,2019,2,20,1,2,False
879,2019-03-30,12:45:00,2019,3,30,1,5,True
880,2019-03-19,13:37:00,2019,3,19,1,1,False
881,2019-01-13,10:03:00,2019,1,13,1,6,True
882,2019-02-05,19:42:00,2019,2,5,1,1,False
883,2019-03-23,13:14:00,2019,3,23,1,5,True
884,2019-03-13,12:47:00,2019,3,13,1,2,False
885,2019-03-17,19:53:00,2019,3,17,1,6,True
886,2019-02-21,10:26:00,2019,2,21,1,3,False
887,2019-02-07,15:06:00,2019,2,7,1,3,False
888,2019-03-02,16:35:00,2019,3,2,1,5,True
889,2019-03-06,20:57:00,2019,3,6,1,2,False
890,2019-02-06,15:16:00,2019,2,6,1,2,False
891,2019-01-28,17:47:00,2019,1,28,1,0,False
892,2019-01-18,16:23:00,2019,1,18,1,4,False
893,2019-02-05,10:17:00,2019,2,5,1,1,False
894,2019-03-02,13:50:00,2019,3,2,1,5,True
895,2019-02-09,19:17:00,2019,2,9,1,5,True
896,2019-01-14,14:00:00,2019,1,14,1,0,False
897,2019-02-09,12:02:00,2019,2,9,1,5,True
898,2019-03-26,20:21:00,2019,3,26,1,1,False
899,2019-01-28,17:35:00,2019,1,28,1,0,False
900,2019-02-14,12:42:00,2019,2,14,1,3,False
901,2019-03-24,17:56:00,2019,3,24,1,6,True
902,2019-02-09,18:58:00,2019,2,9,1,5,True
903,2019-03-24,14:08:00,2019,3,24,1,6,True
904,2019-03-27,16:30:00,2019,3,27,1,2,False
905,2019-01-27,10:44:00,2019,1,27,1,6,True
906,2019-03-27,20:29:00,2019,3,27,1,2,False
907,2019-01-19,11:43:00,2019,1,19,1,5,True
908,2019-02-07,10:09:00,2019,2,7,1,3,False
909,2019-01-31,10:00:00,2019,1,31,1,3,False
910,2019-02-25,18:45:00,2019,2,25,1,0,False
911,2019-02-02,12:40:00,2019,2,2,1,5,True
912,2019-03-14,15:36:00,2019,3,14,1,3,False
913,2019-03-11,12:04:00,2019,3,11,1,0,False
914,2019-02-22,11:26:00,2019,2,22,1,4,False
915,2019-03-02,12:36:00,2019,3,2,1,5,True
916,2019-03-10,15:06:00,2019,3,10,1,6,True
917,2019-02-08,10:58:00,2019,2,8,1,4,False
918,2019-02-22,12:10:00,2019,2,22,1,4,False
919,2019-01-10,10:31:00,2019,1,10,1,3,False
920,2019-03-14,13:49:00,2019,3,14,1,3,False
921,2019-01-10,11:10:00,2019,1,10,1,3,False
922,2019-02-15,17:38:00,2019,2,15,1,4,False
923,2019-01-13,17:54:00,2019,1,13,1,6,True
924,2019-02-15,20:51:00,2019,2,15,1,4,False
925,2019-03-24,13:33:00,2019,3,24,1,6,True
926,2019-02-02,14:05:00,2019,2,2,1,5,True
927,2019-02-27,11:40:00,2019,2,27,1,2,False
928,2019-01-20,12:27:00,2019,1,20,1,6,True
929,2019-01-03,20:24:00,2019,1,3,1,3,False
930,2019-01-24,20:59:00,2019,1,24,1,3,False
931,2019-01-05,19:48:00,2019,1,5,1,5,True
932,2019-03-30,10:18:00,2019,3,30,1,5,True
933,2019-02-17,16:27:00,2019,2,17,1,6,True
934,2019-03-21,17:04:00,2019,3,21,1,3,False
935,2019-03-02,18:14:00,2019,3,2,1,5,True
936,2019-03-27,10:43:00,2019,3,27,1,2,False
937,2019-01-19,19:30:00,2019,1,19,1,5,True
938,2019-02-19,14:53:00,2019,2,19,1,1,False
939,2019-03-28,20:14:00,2019,3,28,1,3,False
940,2019-01-05,11:51:00,2019,1,5,1,5,True
941,2019-03-26,14:13:00,2019,3,26,1,1,False
942,2019-02-03,20:13:00,2019,2,3,1,6,True
943,2019-02-06,18:44:00,2019,2,6,1,2,False
944,2019-02-24,14:26:00,2019,2,24,1,6,True
945,2019-02-21,12:40:00,2019,2,21,1,3,False
946,2019-01-09,18:43:00,2019,1,9,1,2,False
947,2019-02-25,13:22:00,2019,2,25,1,0,False
948,2019-01-13,13:58:00,2019,1,13,1,6,True
949,2019-02-09,11:45:00,2019,2,9,1,5,True
950,2019-01-06,11:51:00,2019,1,6,1,6,True
951,2019-01-10,17:16:00,2019,1,10,1,3,False
952,2019-02-07,15:55:00,2019,2,7,1,3,False
953,2019-01-09,12:07:00,2019,1,9,1,2,False
954,2019-02-19,15:07:00,2019,2,19,1,1,False
955,2019-03-18,15:29:00,2019,3,18,1,0,False
956,2019-02-05,18:45:00,2019,2,5,1,1,False
957,2019-03-19,15:23:00,2019,3,19,1,1,False
958,2019-03-30,20:37:00,2019,3,30,1,5,True
959,2019-01-26,14:41:00,2019,1,26,1,5,True
960,2019-03-02,18:18:00,2019,3,2,1,5,True
961,2019-03-04,15:27:00,2019,3,4,1,0,False
962,2019-01-13,12:55:00,2019,1,13,1,6,True
963,2019-03-25,18:02:00,2019,3,25,1,0,False
964,2019-03-11,19:44:00,2019,3,11,1,0,False
965,2019-01-01,11:36:00,2019,1,1,1,1,False
966,2019-02-10,13:51:00,2019,2,10,1,6,True
967,2019-01-26,15:17:00,2019,1,26,1,5,True
968,2019-02-11,15:29:00,2019,2,11,1,0,False
969,2019-02-07,17:59:00,2019,2,7,1,3,False
970,2019-03-06,11:55:00,2019,3,6,1,2,False
971,2019-03-04,10:39:00,2019,3,4,1,0,False
972,2019-02-26,15:10:00,2019,2,26,1,1,False
973,2019-03-10,18:10:00,2019,3,10,1,6,True
974,2019-02-04,20:43:00,2019,2,4,1,0,False
975,2019-01-19,12:46:00,2019,1,19,1,5,True
976,2019-01-23,17:44:00,2019,1,23,1,2,False
977,2019-03-14,14:19:00,2019,3,14,1,3,False
978,2019-01-23,10:33:00,2019,1,23,1,2,False
979,2019-01-09,11:40:00,2019,1,9,1,2,False
980,2019-02-07,19:30:00,2019,2,7,1,3,False
981,2019-02-18,14:42:00,2019,2,18,1,0,False
982,2019-01-03,19:08:00,2019,1,3,1,3,False
983,2019-03-29,19:12:00,2019,3,29,1,4,False
984,2019-01-28,15:46:00,2019,1,28,1,0,False
985,2019-03-22,19:06:00,2019,3,22,1,4,False
986,2019-01-24,18:10:00,2019,1,24,1,3,False
987,2019-03-10,20:46:00,2019,3,10,1,6,True
988,2019-02-22,18:35:00,2019,2,22,1,4,False
989,2019-02-18,11:40:00,2019,2,18,1,0,False
990,2019-01-29,13:46:00,2019,1,29,1,1,False
991,2019-03-02,17:16:00,2019,3,2,1,5,True
992,2019-02-09,13:22:00,2019,2,9,1,5,True
993,2019-02-22,15:33:00,2019,2,22,1,4,False
994,2019-02-18,13:28:00,2019,2,18,1,0,False
