time_id,date,time,year,month,day,quarter,weekday,is_weekend,created_at
1,2019-01-05,13:08:00,2019,1,5,1,5,True,2025-12-23 21:27:20.446641
2,2019-03-08,10:29:00,2019,3,8,1,4,False,2025-12-23 21:27:20.446641
3,2019-03-03,13:23:00,2019,3,3,1,6,True,2025-12-23 21:27:20.446641
4,2019-01-27,20:33:00,2019,1,27,1,6,True,2025-12-23 21:27:20.446641
5,2019-02-08,10:37:00,2019,2,8,1,4,False,2025-12-23 21:27:20.446641
6,2019-03-25,18:30:00,2019,3,25,1,0,False,2025-12-23 21:27:20.446641
7,2019-02-25,14:36:00,2019,2,25,1,0,False,2025-12-23 21:27:20.446641
8,2019-02-24,11:38:00,2019,2,24,1,6,True,2025-12-23 21:27:20.446641
9,2019-01-10,17:15:00,2019,1,10,1,3,False,2025-12-23 21:27:20.446641
10,2019-02-20,13:27:00,2019,2,20,1,2,False,2025-12-23 21:27:20.446641
11,2019-02-06,18:07:00,2019,2,6,1,2,False,2025-12-23 21:27:20.446641
12,2019-03-09,17:03:00,2019,3,9,1,5,True,2025-12-23 21:27:20.446641
13,2019-02-12,10:25:00,2019,2,12,1,1,False,2025-12-23 21:27:20.446641
14,2019-02-07,16:48:00,2019,2,7,1,3,False,2025-12-23 21:27:20.446641
15,2019-03-29,19:21:00,2019,3,29,1,4,False,2025-12-23 21:27:20.446641
16,2019-01-15,16:19:00,2019,1,15,1,1,False,2025-12-23 21:27:20.446641
17,2019-03-11,11:03:00,2019,3,11,1,0,False,2025-12-23 21:27:20.446641
18,2019-01-01,10:39:00,2019,1,1,1,1,False,2025-12-23 21:27:20.446641
19,2019-01-21,18:00:00,2019,1,21,1,0,False,2025-12-23 21:27:20.446641
20,2019-03-11,15:30:00,2019,3,11,1,0,False,2025-12-23 21:27:20.446641
21,2019-02-25,11:24:00,2019,2,25,1,0,False,2025-12-23 21:27:20.446641
22,2019-03-05,10:40:00,2019,3,5,1,1,False,2025-12-23 21:27:20.446641
23,2019-03-15,12:20:00,2019,3,15,1,4,False,2025-12-23 21:27:20.446641
24,2019-02-17,11:15:00,2019,2,17,1,6,True,2025-12-23 21:27:20.446641
25,2019-03-02,17:36:00,2019,3,2,1,5,True,2025-12-23 21:27:20.446641
26,2019-03-22,19:20:00,2019,3,22,1,4,False,2025-12-23 21:27:20.446641
27,2019-02-08,15:31:00,2019,2,8,1,4,False,2025-12-23 21:27:20.446641
28,2019-03-10,12:17:00,2019,3,10,1,6,True,2025-12-23 21:27:20.446641
29,2019-01-25,19:48:00,2019,1,25,1,4,False,2025-12-23 21:27:20.446641
30,2019-03-15,15:36:00,2019,3,15,1,4,False,2025-12-23 21:27:20.446641
31,2019-02-25,19:39:00,2019,2,25,1,0,False,2025-12-23 21:27:20.446641
32,2019-01-28,12:43:00,2019,1,28,1,0,False,2025-12-23 21:27:20.446641
33,2019-01-10,14:49:00,2019,1,10,1,3,False,2025-12-23 21:27:20.446641
34,2019-03-15,10:12:00,2019,3,15,1,4,False,2025-12-23 21:27:20.446641
35,2019-02-06,10:42:00,2019,2,6,1,2,False,2025-12-23 21:27:20.446641
36,2019-01-07,12:28:00,2019,1,7,1,0,False,2025-12-23 21:27:20.446641
37,2019-03-10,19:15:00,2019,3,10,1,6,True,2025-12-23 21:27:20.446641
38,2019-01-15,17:17:00,2019,1,15,1,1,False,2025-12-23 21:27:20.446641
39,2019-03-23,13:24:00,2019,3,23,1,5,True,2025-12-23 21:27:20.446641
40,2019-03-03,13:01:00,2019,3,3,1,6,True,2025-12-23 21:27:20.446641
41,2019-01-17,18:45:00,2019,1,17,1,3,False,2025-12-23 21:27:20.446641
42,2019-02-02,10:11:00,2019,2,2,1,5,True,2025-12-23 21:27:20.446641
43,2019-02-08,13:03:00,2019,2,8,1,4,False,2025-12-23 21:27:20.446641
44,2019-03-04,20:39:00,2019,3,4,1,0,False,2025-12-23 21:27:20.446641
45,2019-03-16,19:47:00,2019,3,16,1,5,True,2025-12-23 21:27:20.446641
46,2019-03-09,18:00:00,2019,3,9,1,5,True,2025-12-23 21:27:20.446641
47,2019-02-27,17:24:00,2019,2,27,1,2,False,2025-12-23 21:27:20.446641
48,2019-02-06,15:47:00,2019,2,6,1,2,False,2025-12-23 21:27:20.446641
49,2019-02-10,12:45:00,2019,2,10,1,6,True,2025-12-23 21:27:20.446641
50,2019-03-19,17:08:00,2019,3,19,1,1,False,2025-12-23 21:27:20.446641
51,2019-02-03,10:19:00,2019,2,3,1,6,True,2025-12-23 21:27:20.446641
52,2019-02-10,15:10:00,2019,2,10,1,6,True,2025-12-23 21:27:20.446641
53,2019-03-22,14:42:00,2019,3,22,1,4,False,2025-12-23 21:27:20.446641
54,2019-01-25,15:46:00,2019,1,25,1,4,False,2025-12-23 21:27:20.446641
55,2019-03-07,11:49:00,2019,3,7,1,3,False,2025-12-23 21:27:20.446641
56,2019-02-28,19:01:00,2019,2,28,1,3,False,2025-12-23 21:27:20.446641
57,2019-03-27,11:26:00,2019,3,27,1,2,False,2025-12-23 21:27:20.446641
58,2019-02-07,11:28:00,2019,2,7,1,3,False,2025-12-23 21:27:20.446641
59,2019-01-20,15:55:00,2019,1,20,1,6,True,2025-12-23 21:27:20.446641
60,2019-03-12,20:36:00,2019,3,12,1,1,False,2025-12-23 21:27:20.446641
61,2019-02-15,17:47:00,2019,2,15,1,4,False,2025-12-23 21:27:20.446641
62,2019-02-24,10:55:00,2019,2,24,1,6,True,2025-12-23 21:27:20.446641
63,2019-02-03,13:40:00,2019,2,3,1,6,True,2025-12-23 21:27:20.446641
64,2019-03-06,12:27:00,2019,3,6,1,2,False,2025-12-23 21:27:20.446641
65,2019-02-14,14:35:00,2019,2,14,1,3,False,2025-12-23 21:27:20.446641
66,2019-03-13,16:40:00,2019,3,13,1,2,False,2025-12-23 21:27:20.446641
67,2019-02-10,15:43:00,2019,2,10,1,6,True,2025-12-23 21:27:20.446641
68,2019-01-07,15:01:00,2019,1,7,1,0,False,2025-12-23 21:27:20.446641
69,2019-01-24,10:04:00,2019,1,24,1,3,False,2025-12-23 21:27:20.446641
70,2019-02-02,18:50:00,2019,2,2,1,5,True,2025-12-23 21:27:20.446641
71,2019-01-06,12:46:00,2019,1,6,1,6,True,2025-12-23 21:27:20.446641
72,2019-02-11,16:19:00,2019,2,11,1,0,False,2025-12-23 21:27:20.446641
73,2019-03-05,18:17:00,2019,3,5,1,1,False,2025-12-23 21:27:20.446641
74,2019-03-09,18:21:00,2019,3,9,1,5,True,2025-12-23 21:27:20.446641
75,2019-01-22,10:55:00,2019,1,22,1,1,False,2025-12-23 21:27:20.446641
76,2019-01-13,17:04:00,2019,1,13,1,6,True,2025-12-23 21:27:20.446641
77,2019-01-09,14:20:00,2019,1,9,1,2,False,2025-12-23 21:27:20.446641
78,2019-01-12,15:48:00,2019,1,12,1,5,True,2025-12-23 21:27:20.446641
79,2019-03-05,16:24:00,2019,3,5,1,1,False,2025-12-23 21:27:20.446641
80,2019-01-22,18:56:00,2019,1,22,1,1,False,2025-12-23 21:27:20.446641
81,2019-01-21,14:42:00,2019,1,21,1,0,False,2025-12-23 21:27:20.446641
82,2019-01-26,19:56:00,2019,1,26,1,5,True,2025-12-23 21:27:20.446641
83,2019-01-23,18:37:00,2019,1,23,1,2,False,2025-12-23 21:27:20.446641
84,2019-02-23,18:45:00,2019,2,23,1,5,True,2025-12-23 21:27:20.446641
85,2019-03-09,10:17:00,2019,3,9,1,5,True,2025-12-23 21:27:20.446641
86,2019-03-05,14:31:00,2019,3,5,1,1,False,2025-12-23 21:27:20.446641
87,2019-03-25,10:23:00,2019,3,25,1,0,False,2025-12-23 21:27:20.446641
88,2019-03-27,20:35:00,2019,3,27,1,2,False,2025-12-23 21:27:20.446641
89,2019-01-02,16:57:00,2019,1,2,1,2,False,2025-12-23 21:27:20.446641
90,2019-02-27,17:55:00,2019,2,27,1,2,False,2025-12-23 21:27:20.446641
91,2019-01-23,10:25:00,2019,1,23,1,2,False,2025-12-23 21:27:20.446641
92,2019-01-26,19:54:00,2019,1,26,1,5,True,2025-12-23 21:27:20.446641
93,2019-01-10,16:42:00,2019,1,10,1,3,False,2025-12-23 21:27:20.446641
94,2019-03-12,12:09:00,2019,3,12,1,1,False,2025-12-23 21:27:20.446641
95,2019-02-06,20:05:00,2019,2,6,1,2,False,2025-12-23 21:27:20.446641
96,2019-03-08,20:38:00,2019,3,8,1,4,False,2025-12-23 21:27:20.446641
97,2019-03-29,10:25:00,2019,3,29,1,4,False,2025-12-23 21:27:20.446641
98,2019-02-09,13:11:00,2019,2,9,1,5,True,2025-12-23 21:27:20.446641
99,2019-03-23,10:16:00,2019,3,23,1,5,True,2025-12-23 21:27:20.446641
100,2019-03-05,18:14:00,2019,3,5,1,1,False,2025-12-23 21:27:20.446641
101,2019-03-26,19:20:00,2019,3,26,1,1,False,2025-12-23 21:27:20.446641
102,2019-03-01,13:22:00,2019,3,1,1,4,False,2025-12-23 21:27:20.446641
103,2019-02-01,11:27:00,2019,2,1,1,4,False,2025-12-23 21:27:20.446641
104,2019-03-28,16:44:00,2019,3,28,1,3,False,2025-12-23 21:27:20.446641
105,2019-03-19,18:19:00,2019,3,19,1,1,False,2025-12-23 21:27:20.446641
106,2019-01-12,14:50:00,2019,1,12,1,5,True,2025-12-23 21:27:20.446641
107,2019-01-05,20:54:00,2019,1,5,1,5,True,2025-12-23 21:27:20.446641
108,2019-03-22,20:19:00,2019,3,22,1,4,False,2025-12-23 21:27:20.446641
109,2019-03-24,10:43:00,2019,3,24,1,6,True,2025-12-23 21:27:20.446641
110,2019-03-03,14:30:00,2019,3,3,1,6,True,2025-12-23 21:27:20.446641
111,2019-02-05,11:32:00,2019,2,5,1,1,False,2025-12-23 21:27:20.446641
112,2019-02-05,10:41:00,2019,2,5,1,1,False,2025-12-23 21:27:20.446641
113,2019-02-15,12:44:00,2019,2,15,1,4,False,2025-12-23 21:27:20.446641
114,2019-01-19,20:07:00,2019,1,19,1,5,True,2025-12-23 21:27:20.446641
115,2019-02-01,20:31:00,2019,2,1,1,4,False,2025-12-23 21:27:20.446641
116,2019-03-02,13:01:00,2019,3,2,1,5,True,2025-12-23 21:27:20.446641
117,2019-03-05,12:29:00,2019,3,5,1,1,False,2025-12-23 21:27:20.446641
118,2019-01-16,15:26:00,2019,1,16,1,2,False,2025-12-23 21:27:20.446641
119,2019-02-02,20:48:00,2019,2,2,1,5,True,2025-12-23 21:27:20.446641
120,2019-01-20,20:38:00,2019,1,20,1,6,True,2025-12-23 21:27:20.446641
121,2019-02-14,17:03:00,2019,2,14,1,3,False,2025-12-23 21:27:20.446641
122,2019-01-12,12:02:00,2019,1,12,1,5,True,2025-12-23 21:27:20.446641
123,2019-03-09,17:26:00,2019,3,9,1,5,True,2025-12-23 21:27:20.446641
124,2019-03-13,19:52:00,2019,3,13,1,2,False,2025-12-23 21:27:20.446641
125,2019-03-09,14:57:00,2019,3,9,1,5,True,2025-12-23 21:27:20.446641
126,2019-03-10,18:44:00,2019,3,10,1,6,True,2025-12-23 21:27:20.446641
127,2019-01-27,13:26:00,2019,1,27,1,6,True,2025-12-23 21:27:20.446641
128,2019-01-08,16:17:00,2019,1,8,1,1,False,2025-12-23 21:27:20.446641
129,2019-01-08,15:57:00,2019,1,8,1,1,False,2025-12-23 21:27:20.446641
130,2019-02-08,11:15:00,2019,2,8,1,4,False,2025-12-23 21:27:20.446641
131,2019-01-25,13:18:00,2019,1,25,1,4,False,2025-12-23 21:27:20.446641
132,2019-03-06,20:34:00,2019,3,6,1,2,False,2025-12-23 21:27:20.446641
133,2019-02-10,18:36:00,2019,2,10,1,6,True,2025-12-23 21:27:20.446641
134,2019-02-17,14:40:00,2019,2,17,1,6,True,2025-12-23 21:27:20.446641
135,2019-03-08,16:43:00,2019,3,8,1,4,False,2025-12-23 21:27:20.446641
136,2019-02-18,19:39:00,2019,2,18,1,0,False,2025-12-23 21:27:20.446641
137,2019-01-18,20:59:00,2019,1,18,1,4,False,2025-12-23 21:27:20.446641
138,2019-02-18,15:39:00,2019,2,18,1,0,False,2025-12-23 21:27:20.446641
139,2019-02-16,12:21:00,2019,2,16,1,5,True,2025-12-23 21:27:20.446641
140,2019-03-16,19:25:00,2019,3,16,1,5,True,2025-12-23 21:27:20.446641
141,2019-01-23,13:00:00,2019,1,23,1,2,False,2025-12-23 21:27:20.446641
142,2019-01-25,13:48:00,2019,1,25,1,4,False,2025-12-23 21:27:20.446641
143,2019-02-05,19:57:00,2019,2,5,1,1,False,2025-12-23 21:27:20.446641
144,2019-02-22,10:36:00,2019,2,22,1,4,False,2025-12-23 21:27:20.446641
145,2019-01-21,16:37:00,2019,1,21,1,0,False,2025-12-23 21:27:20.446641
146,2019-03-08,17:11:00,2019,3,8,1,4,False,2025-12-23 21:27:20.446641
147,2019-02-10,12:28:00,2019,2,10,1,6,True,2025-12-23 21:27:20.446641
148,2019-03-19,12:46:00,2019,3,19,1,1,False,2025-12-23 21:27:20.446641
149,2019-03-06,15:07:00,2019,3,6,1,2,False,2025-12-23 21:27:20.446641
150,2019-03-27,13:48:00,2019,3,27,1,2,False,2025-12-23 21:27:20.446641
151,2019-03-23,19:20:00,2019,3,23,1,5,True,2025-12-23 21:27:20.446641
152,2019-03-11,16:07:00,2019,3,11,1,0,False,2025-12-23 21:27:20.446641
153,2019-01-29,11:56:00,2019,1,29,1,1,False,2025-12-23 21:27:20.446641
154,2019-02-07,18:23:00,2019,2,7,1,3,False,2025-12-23 21:27:20.446641
155,2019-01-28,13:05:00,2019,1,28,1,0,False,2025-12-23 21:27:20.446641
156,2019-02-20,15:55:00,2019,2,20,1,2,False,2025-12-23 21:27:20.446641
157,2019-01-04,19:40:00,2019,1,4,1,4,False,2025-12-23 21:27:20.446641
158,2019-03-07,13:58:00,2019,3,7,1,3,False,2025-12-23 21:27:20.446641
159,2019-03-30,14:43:00,2019,3,30,1,5,True,2025-12-23 21:27:20.446641
160,2019-03-27,19:18:00,2019,3,27,1,2,False,2025-12-23 21:27:20.446641
161,2019-01-19,19:39:00,2019,1,19,1,5,True,2025-12-23 21:27:20.446641
162,2019-02-25,16:21:00,2019,2,25,1,0,False,2025-12-23 21:27:20.446641
163,2019-03-13,19:44:00,2019,3,13,1,2,False,2025-12-23 21:27:20.446641
164,2019-01-30,19:42:00,2019,1,30,1,2,False,2025-12-23 21:27:20.446641
165,2019-02-20,15:24:00,2019,2,20,1,2,False,2025-12-23 21:27:20.446641
166,2019-02-25,14:12:00,2019,2,25,1,0,False,2025-12-23 21:27:20.446641
167,2019-01-16,13:32:00,2019,1,16,1,2,False,2025-12-23 21:27:20.446641
168,2019-02-08,16:20:00,2019,2,8,1,4,False,2025-12-23 21:27:20.446641
169,2019-01-19,16:31:00,2019,1,19,1,5,True,2025-12-23 21:27:20.446641
170,2019-02-01,15:10:00,2019,2,1,1,4,False,2025-12-23 21:27:20.446641
171,2019-01-03,11:36:00,2019,1,3,1,3,False,2025-12-23 21:27:20.446641
172,2019-01-26,12:45:00,2019,1,26,1,5,True,2025-12-23 21:27:20.446641
173,2019-03-03,19:17:00,2019,3,3,1,6,True,2025-12-23 21:27:20.446641
174,2019-01-19,17:34:00,2019,1,19,1,5,True,2025-12-23 21:27:20.446641
175,2019-01-18,12:04:00,2019,1,18,1,4,False,2025-12-23 21:27:20.446641
176,2019-03-21,16:21:00,2019,3,21,1,3,False,2025-12-23 21:27:20.446641
177,2019-03-03,17:01:00,2019,3,3,1,6,True,2025-12-23 21:27:20.446641
178,2019-02-13,10:50:00,2019,2,13,1,2,False,2025-12-23 21:27:20.446641
179,2019-03-23,19:16:00,2019,3,23,1,5,True,2025-12-23 21:27:20.446641
180,2019-01-28,16:47:00,2019,1,28,1,0,False,2025-12-23 21:27:20.446641
181,2019-02-09,10:00:00,2019,2,9,1,5,True,2025-12-23 21:27:20.446641
182,2019-01-23,11:51:00,2019,1,23,1,2,False,2025-12-23 21:27:20.446641
183,2019-03-23,10:55:00,2019,3,23,1,5,True,2025-12-23 21:27:20.446641
184,2019-01-25,15:00:00,2019,1,25,1,4,False,2025-12-23 21:27:20.446641
185,2019-03-04,11:19:00,2019,3,4,1,0,False,2025-12-23 21:27:20.446641
186,2019-03-05,19:46:00,2019,3,5,1,1,False,2025-12-23 21:27:20.446641
187,2019-03-03,19:00:00,2019,3,3,1,6,True,2025-12-23 21:27:20.446641
188,2019-02-08,10:53:00,2019,2,8,1,4,False,2025-12-23 21:27:20.446641
189,2019-02-10,12:50:00,2019,2,10,1,6,True,2025-12-23 21:27:20.446641
190,2019-01-28,20:50:00,2019,1,28,1,0,False,2025-12-23 21:27:20.446641
191,2019-02-11,10:39:00,2019,2,11,1,0,False,2025-12-23 21:27:20.446641
192,2019-01-15,13:41:00,2019,1,15,1,1,False,2025-12-23 21:27:20.446641
193,2019-03-16,19:08:00,2019,3,16,1,5,True,2025-12-23 21:27:20.446641
194,2019-01-26,20:23:00,2019,1,26,1,5,True,2025-12-23 21:27:20.446641
195,2019-03-19,11:30:00,2019,3,19,1,1,False,2025-12-23 21:27:20.446641
196,2019-01-13,19:30:00,2019,1,13,1,6,True,2025-12-23 21:27:20.446641
197,2019-03-26,18:03:00,2019,3,26,1,1,False,2025-12-23 21:27:20.446641
198,2019-03-23,10:13:00,2019,3,23,1,5,True,2025-12-23 21:27:20.446641
199,2019-03-12,19:58:00,2019,3,12,1,1,False,2025-12-23 21:27:20.446641
200,2019-02-17,19:57:00,2019,2,17,1,6,True,2025-12-23 21:27:20.446641
201,2019-01-29,10:01:00,2019,1,29,1,1,False,2025-12-23 21:27:20.446641
202,2019-03-15,11:57:00,2019,3,15,1,4,False,2025-12-23 21:27:20.446641
203,2019-01-14,10:02:00,2019,1,14,1,0,False,2025-12-23 21:27:20.446641
204,2019-02-06,14:51:00,2019,2,6,1,2,False,2025-12-23 21:27:20.446641
205,2019-02-15,12:42:00,2019,2,15,1,4,False,2025-12-23 21:27:20.446641
206,2019-01-03,12:02:00,2019,1,3,1,3,False,2025-12-23 21:27:20.446641
207,2019-01-04,18:19:00,2019,1,4,1,4,False,2025-12-23 21:27:20.446641
208,2019-03-18,17:38:00,2019,3,18,1,0,False,2025-12-23 21:27:20.446641
209,2019-03-28,13:41:00,2019,3,28,1,3,False,2025-12-23 21:27:20.446641
210,2019-03-02,19:42:00,2019,3,2,1,5,True,2025-12-23 21:27:20.446641
211,2019-01-25,20:24:00,2019,1,25,1,4,False,2025-12-23 21:27:20.446641
212,2019-01-16,18:08:00,2019,1,16,1,2,False,2025-12-23 21:27:20.446641
213,2019-03-20,19:17:00,2019,3,20,1,2,False,2025-12-23 21:27:20.446641
214,2019-01-04,13:24:00,2019,1,4,1,4,False,2025-12-23 21:27:20.446641
215,2019-03-11,15:53:00,2019,3,11,1,0,False,2025-12-23 21:27:20.446641
216,2019-03-22,15:05:00,2019,3,22,1,4,False,2025-12-23 21:27:20.446641
217,2019-03-24,18:27:00,2019,3,24,1,6,True,2025-12-23 21:27:20.446641
218,2019-02-21,16:55:00,2019,2,21,1,3,False,2025-12-23 21:27:20.446641
219,2019-02-12,12:58:00,2019,2,12,1,1,False,2025-12-23 21:27:20.446641
220,2019-03-10,18:59:00,2019,3,10,1,6,True,2025-12-23 21:27:20.446641
221,2019-01-31,13:44:00,2019,1,31,1,3,False,2025-12-23 21:27:20.446641
222,2019-03-06,13:46:00,2019,3,6,1,2,False,2025-12-23 21:27:20.446641
223,2019-02-17,18:06:00,2019,2,17,1,6,True,2025-12-23 21:27:20.446641
224,2019-02-21,12:38:00,2019,2,21,1,3,False,2025-12-23 21:27:20.446641
225,2019-03-20,15:56:00,2019,3,20,1,2,False,2025-12-23 21:27:20.446641
226,2019-01-11,14:29:00,2019,1,11,1,4,False,2025-12-23 21:27:20.446641
227,2019-01-26,19:14:00,2019,1,26,1,5,True,2025-12-23 21:27:20.446641
228,2019-01-31,16:24:00,2019,1,31,1,3,False,2025-12-23 21:27:20.446641
229,2019-02-26,10:52:00,2019,2,26,1,1,False,2025-12-23 21:27:20.446641
230,2019-03-11,12:55:00,2019,3,11,1,0,False,2025-12-23 21:27:20.446641
231,2019-01-26,19:28:00,2019,1,26,1,5,True,2025-12-23 21:27:20.446641
232,2019-03-12,13:52:00,2019,3,12,1,1,False,2025-12-23 21:27:20.446641
233,2019-02-11,10:54:00,2019,2,11,1,0,False,2025-12-23 21:27:20.446641
234,2019-02-21,18:31:00,2019,2,21,1,3,False,2025-12-23 21:27:20.446641
235,2019-03-09,18:24:00,2019,3,9,1,5,True,2025-12-23 21:27:20.446641
236,2019-01-20,18:09:00,2019,1,20,1,6,True,2025-12-23 21:27:20.446641
237,2019-01-28,15:16:00,2019,1,28,1,0,False,2025-12-23 21:27:20.446641
238,2019-03-05,17:07:00,2019,3,5,1,1,False,2025-12-23 21:27:20.446641
239,2019-03-02,19:26:00,2019,3,2,1,5,True,2025-12-23 21:27:20.446641
240,2019-01-11,11:20:00,2019,1,11,1,4,False,2025-12-23 21:27:20.446641
241,2019-01-11,16:49:00,2019,1,11,1,4,False,2025-12-23 21:27:20.446641
242,2019-03-11,12:01:00,2019,3,11,1,0,False,2025-12-23 21:27:20.446641
243,2019-02-28,18:37:00,2019,2,28,1,3,False,2025-12-23 21:27:20.446641
244,2019-01-05,11:25:00,2019,1,5,1,5,True,2025-12-23 21:27:20.446641
245,2019-02-02,18:42:00,2019,2,2,1,5,True,2025-12-23 21:27:20.446641
246,2019-01-01,14:47:00,2019,1,1,1,1,False,2025-12-23 21:27:20.446641
247,2019-02-09,19:43:00,2019,2,9,1,5,True,2025-12-23 21:27:20.446641
248,2019-01-23,14:04:00,2019,1,23,1,2,False,2025-12-23 21:27:20.446641
249,2019-01-07,16:11:00,2019,1,7,1,0,False,2025-12-23 21:27:20.446641
250,2019-01-14,19:06:00,2019,1,14,1,0,False,2025-12-23 21:27:20.446641
251,2019-02-02,15:34:00,2019,2,2,1,5,True,2025-12-23 21:27:20.446641
252,2019-03-17,19:06:00,2019,3,17,1,6,True,2025-12-23 21:27:20.446641
253,2019-03-02,19:44:00,2019,3,2,1,5,True,2025-12-23 21:27:20.446641
254,2019-03-16,11:22:00,2019,3,16,1,5,True,2025-12-23 21:27:20.446641
255,2019-01-06,11:23:00,2019,1,6,1,6,True,2025-12-23 21:27:20.446641
256,2019-01-29,14:12:00,2019,1,29,1,1,False,2025-12-23 21:27:20.446641
257,2019-01-31,10:46:00,2019,1,31,1,3,False,2025-12-23 21:27:20.446641
258,2019-02-05,10:16:00,2019,2,5,1,1,False,2025-12-23 21:27:20.446641
259,2019-02-13,12:38:00,2019,2,13,1,2,False,2025-12-23 21:27:20.446641
260,2019-02-07,13:05:00,2019,2,7,1,3,False,2025-12-23 21:27:20.446641
261,2019-03-19,13:25:00,2019,3,19,1,1,False,2025-12-23 21:27:20.446641
262,2019-03-07,14:53:00,2019,3,7,1,3,False,2025-12-23 21:27:20.446641
263,2019-03-13,19:22:00,2019,3,13,1,2,False,2025-12-23 21:27:20.446641
264,2019-02-09,11:00:00,2019,2,9,1,5,True,2025-12-23 21:27:20.446641
265,2019-02-26,19:24:00,2019,2,26,1,1,False,2025-12-23 21:27:20.446641
266,2019-03-12,12:43:00,2019,3,12,1,1,False,2025-12-23 21:27:20.446641
267,2019-03-14,17:22:00,2019,3,14,1,3,False,2025-12-23 21:27:20.446641
268,2019-01-08,20:55:00,2019,1,8,1,1,False,2025-12-23 21:27:20.446641
269,2019-01-05,16:05:00,2019,1,5,1,5,True,2025-12-23 21:27:20.446641
270,2019-01-04,13:34:00,2019,1,4,1,4,False,2025-12-23 21:27:20.446641
271,2019-03-06,18:13:00,2019,3,6,1,2,False,2025-12-23 21:27:20.446641
272,2019-01-03,19:17:00,2019,1,3,1,3,False,2025-12-23 21:27:20.446641
273,2019-01-07,11:44:00,2019,1,7,1,0,False,2025-12-23 21:27:20.446641
274,2019-01-27,15:51:00,2019,1,27,1,6,True,2025-12-23 21:27:20.446641
275,2019-02-26,16:52:00,2019,2,26,1,1,False,2025-12-23 21:27:20.446641
276,2019-01-07,20:52:00,2019,1,7,1,0,False,2025-12-23 21:27:20.446641
277,2019-01-07,17:36:00,2019,1,7,1,0,False,2025-12-23 21:27:20.446641
278,2019-02-02,13:23:00,2019,2,2,1,5,True,2025-12-23 21:27:20.446641
279,2019-03-20,16:28:00,2019,3,20,1,2,False,2025-12-23 21:27:20.446641
280,2019-03-20,19:57:00,2019,3,20,1,2,False,2025-12-23 21:27:20.446641
281,2019-02-15,17:01:00,2019,2,15,1,4,False,2025-12-23 21:27:20.446641
282,2019-03-06,13:29:00,2019,3,6,1,2,False,2025-12-23 21:27:20.446641
283,2019-01-06,11:09:00,2019,1,6,1,6,True,2025-12-23 21:27:20.446641
284,2019-03-04,15:02:00,2019,3,4,1,0,False,2025-12-23 21:27:20.446641
285,2019-03-12,14:21:00,2019,3,12,1,1,False,2025-12-23 21:27:20.446641
286,2019-02-20,18:01:00,2019,2,20,1,2,False,2025-12-23 21:27:20.446641
287,2019-03-24,14:49:00,2019,3,24,1,6,True,2025-12-23 21:27:20.446641
288,2019-01-31,12:02:00,2019,1,31,1,3,False,2025-12-23 21:27:20.446641
289,2019-01-25,13:30:00,2019,1,25,1,4,False,2025-12-23 21:27:20.446641
290,2019-02-03,14:38:00,2019,2,3,1,6,True,2025-12-23 21:27:20.446641
291,2019-01-24,17:37:00,2019,1,24,1,3,False,2025-12-23 21:27:20.446641
292,2019-03-14,17:20:00,2019,3,14,1,3,False,2025-12-23 21:27:20.446641
293,2019-02-18,20:29:00,2019,2,18,1,0,False,2025-12-23 21:27:20.446641
294,2019-01-21,10:00:00,2019,1,21,1,0,False,2025-12-23 21:27:20.446641
295,2019-03-13,11:46:00,2019,3,13,1,2,False,2025-12-23 21:27:20.446641
296,2019-03-03,13:42:00,2019,3,3,1,6,True,2025-12-23 21:27:20.446641
297,2019-03-29,14:44:00,2019,3,29,1,4,False,2025-12-23 21:27:20.446641
298,2019-01-10,14:16:00,2019,1,10,1,3,False,2025-12-23 21:27:20.446641
299,2019-01-25,15:54:00,2019,1,25,1,4,False,2025-12-23 21:27:20.446641
300,2019-01-19,10:21:00,2019,1,19,1,5,True,2025-12-23 21:27:20.446641
301,2019-01-02,18:09:00,2019,1,2,1,2,False,2025-12-23 21:27:20.446641
302,2019-03-12,16:46:00,2019,3,12,1,1,False,2025-12-23 21:27:20.446641
303,2019-02-25,15:31:00,2019,2,25,1,0,False,2025-12-23 21:27:20.446641
304,2019-03-18,17:15:00,2019,3,18,1,0,False,2025-12-23 21:27:20.446641
305,2019-02-23,12:29:00,2019,2,23,1,5,True,2025-12-23 21:27:20.446641
306,2019-03-26,20:14:00,2019,3,26,1,1,False,2025-12-23 21:27:20.446641
307,2019-03-30,13:22:00,2019,3,30,1,5,True,2025-12-23 21:27:20.446641
308,2019-02-17,17:09:00,2019,2,17,1,6,True,2025-12-23 21:27:20.446641
309,2019-03-21,10:40:00,2019,3,21,1,3,False,2025-12-23 21:27:20.446641
310,2019-03-05,17:43:00,2019,3,5,1,1,False,2025-12-23 21:27:20.446641
311,2019-01-31,14:04:00,2019,1,31,1,3,False,2025-12-23 21:27:20.446641
312,2019-02-05,19:05:00,2019,2,5,1,1,False,2025-12-23 21:27:20.446641
313,2019-02-01,10:08:00,2019,2,1,1,4,False,2025-12-23 21:27:20.446641
314,2019-03-07,13:12:00,2019,3,7,1,3,False,2025-12-23 21:27:20.446641
315,2019-02-10,20:51:00,2019,2,10,1,6,True,2025-12-23 21:27:20.446641
316,2019-02-14,17:29:00,2019,2,14,1,3,False,2025-12-23 21:27:20.446641
317,2019-02-09,10:25:00,2019,2,9,1,5,True,2025-12-23 21:27:20.446641
318,2019-01-10,11:34:00,2019,1,10,1,3,False,2025-12-23 21:27:20.446641
319,2019-03-11,18:58:00,2019,3,11,1,0,False,2025-12-23 21:27:20.446641
320,2019-02-18,16:28:00,2019,2,18,1,0,False,2025-12-23 21:27:20.446641
321,2019-02-26,20:26:00,2019,2,26,1,1,False,2025-12-23 21:27:20.446641
322,2019-01-18,15:08:00,2019,1,18,1,4,False,2025-12-23 21:27:20.446641
323,2019-02-15,18:03:00,2019,2,15,1,4,False,2025-12-23 21:27:20.446641
324,2019-03-08,13:21:00,2019,3,8,1,4,False,2025-12-23 21:27:20.446641
325,2019-01-17,12:48:00,2019,1,17,1,3,False,2025-12-23 21:27:20.446641
326,2019-03-12,19:53:00,2019,3,12,1,1,False,2025-12-23 21:27:20.446641
327,2019-03-09,19:09:00,2019,3,9,1,5,True,2025-12-23 21:27:20.446641
328,2019-03-12,16:30:00,2019,3,12,1,1,False,2025-12-23 21:27:20.446641
329,2019-01-25,10:11:00,2019,1,25,1,4,False,2025-12-23 21:27:20.446641
330,2019-03-25,13:07:00,2019,3,25,1,0,False,2025-12-23 21:27:20.446641
331,2019-02-07,18:48:00,2019,2,7,1,3,False,2025-12-23 21:27:20.446641
332,2019-02-17,17:27:00,2019,2,17,1,6,True,2025-12-23 21:27:20.446641
333,2019-02-03,15:59:00,2019,2,3,1,6,True,2025-12-23 21:27:20.446641
334,2019-03-14,11:21:00,2019,3,14,1,3,False,2025-12-23 21:27:20.446641
335,2019-03-24,13:48:00,2019,3,24,1,6,True,2025-12-23 21:27:20.446641
336,2019-03-21,10:17:00,2019,3,21,1,3,False,2025-12-23 21:27:20.446641
337,2019-03-19,15:49:00,2019,3,19,1,1,False,2025-12-23 21:27:20.446641
338,2019-02-24,13:02:00,2019,2,24,1,6,True,2025-12-23 21:27:20.446641
339,2019-03-28,12:58:00,2019,3,28,1,3,False,2025-12-23 21:27:20.446641
340,2019-02-05,15:26:00,2019,2,5,1,1,False,2025-12-23 21:27:20.446641
341,2019-02-10,18:23:00,2019,2,10,1,6,True,2025-12-23 21:27:20.446641
342,2019-03-05,19:06:00,2019,3,5,1,1,False,2025-12-23 21:27:20.446641
343,2019-02-15,20:21:00,2019,2,15,1,4,False,2025-12-23 21:27:20.446641
344,2019-01-30,16:24:00,2019,1,30,1,2,False,2025-12-23 21:27:20.446641
345,2019-02-14,15:04:00,2019,2,14,1,3,False,2025-12-23 21:27:20.446641
346,2019-02-27,16:10:00,2019,2,27,1,2,False,2025-12-23 21:27:20.446641
347,2019-02-04,12:14:00,2019,2,4,1,0,False,2025-12-23 21:27:20.446641
348,2019-01-20,10:13:00,2019,1,20,1,6,True,2025-12-23 21:27:20.446641
349,2019-03-28,17:38:00,2019,3,28,1,3,False,2025-12-23 21:27:20.446641
350,2019-02-27,11:06:00,2019,2,27,1,2,False,2025-12-23 21:27:20.446641
351,2019-02-15,14:53:00,2019,2,15,1,4,False,2025-12-23 21:27:20.446641
352,2019-01-26,18:22:00,2019,1,26,1,5,True,2025-12-23 21:27:20.446641
353,2019-03-14,19:02:00,2019,3,14,1,3,False,2025-12-23 21:27:20.446641
354,2019-03-02,14:16:00,2019,3,2,1,5,True,2025-12-23 21:27:20.446641
355,2019-03-04,15:44:00,2019,3,4,1,0,False,2025-12-23 21:27:20.446641
356,2019-01-07,12:20:00,2019,1,7,1,0,False,2025-12-23 21:27:20.446641
357,2019-03-08,20:01:00,2019,3,8,1,4,False,2025-12-23 21:27:20.446641
358,2019-01-09,13:45:00,2019,1,9,1,2,False,2025-12-23 21:27:20.446641
359,2019-03-01,15:40:00,2019,3,1,1,4,False,2025-12-23 21:27:20.446641
360,2019-03-16,16:58:00,2019,3,16,1,5,True,2025-12-23 21:27:20.446641
361,2019-02-17,11:12:00,2019,2,17,1,6,True,2025-12-23 21:27:20.446641
362,2019-02-27,15:12:00,2019,2,27,1,2,False,2025-12-23 21:27:20.446641
363,2019-03-07,20:37:00,2019,3,7,1,3,False,2025-12-23 21:27:20.446641
364,2019-01-21,17:44:00,2019,1,21,1,0,False,2025-12-23 21:27:20.446641
365,2019-02-19,16:23:00,2019,2,19,1,1,False,2025-12-23 21:27:20.446641
366,2019-01-06,12:12:00,2019,1,6,1,6,True,2025-12-23 21:27:20.446641
367,2019-03-14,19:33:00,2019,3,14,1,3,False,2025-12-23 21:27:20.446641
368,2019-03-24,10:29:00,2019,3,24,1,6,True,2025-12-23 21:27:20.446641
369,2019-01-27,14:28:00,2019,1,27,1,6,True,2025-12-23 21:27:20.446641
370,2019-03-06,12:46:00,2019,3,6,1,2,False,2025-12-23 21:27:20.446641
371,2019-02-02,19:40:00,2019,2,2,1,5,True,2025-12-23 21:27:20.446641
372,2019-01-25,19:39:00,2019,1,25,1,4,False,2025-12-23 21:27:20.446641
373,2019-03-14,17:54:00,2019,3,14,1,3,False,2025-12-23 21:27:20.446641
374,2019-01-29,12:25:00,2019,1,29,1,1,False,2025-12-23 21:27:20.446641
375,2019-01-03,16:47:00,2019,1,3,1,3,False,2025-12-23 21:27:20.446641
376,2019-01-14,12:52:00,2019,1,14,1,0,False,2025-12-23 21:27:20.446641
377,2019-01-05,19:50:00,2019,1,5,1,5,True,2025-12-23 21:27:20.446641
378,2019-02-22,18:17:00,2019,2,22,1,4,False,2025-12-23 21:27:20.446641
379,2019-02-06,17:20:00,2019,2,6,1,2,False,2025-12-23 21:27:20.446641
380,2019-01-30,13:32:00,2019,1,30,1,2,False,2025-12-23 21:27:20.446641
381,2019-01-11,10:37:00,2019,1,11,1,4,False,2025-12-23 21:27:20.446641
382,2019-03-19,14:35:00,2019,3,19,1,1,False,2025-12-23 21:27:20.446641
383,2019-01-14,12:09:00,2019,1,14,1,0,False,2025-12-23 21:27:20.446641
384,2019-03-01,15:32:00,2019,3,1,1,4,False,2025-12-23 21:27:20.446641
385,2019-01-06,13:58:00,2019,1,6,1,6,True,2025-12-23 21:27:20.446641
386,2019-01-31,13:19:00,2019,1,31,1,3,False,2025-12-23 21:27:20.446641
387,2019-03-11,13:37:00,2019,3,11,1,0,False,2025-12-23 21:27:20.446641
388,2019-02-20,16:49:00,2019,2,20,1,2,False,2025-12-23 21:27:20.446641
389,2019-01-27,14:55:00,2019,1,27,1,6,True,2025-12-23 21:27:20.446641
390,2019-03-10,14:04:00,2019,3,10,1,6,True,2025-12-23 21:27:20.446641
391,2019-02-15,12:31:00,2019,2,15,1,4,False,2025-12-23 21:27:20.446641
392,2019-01-26,14:51:00,2019,1,26,1,5,True,2025-12-23 21:27:20.446641
393,2019-02-13,18:27:00,2019,2,13,1,2,False,2025-12-23 21:27:20.446641
394,2019-03-09,12:45:00,2019,3,9,1,5,True,2025-12-23 21:27:20.446641
395,2019-03-06,10:36:00,2019,3,6,1,2,False,2025-12-23 21:27:20.446641
396,2019-01-24,20:36:00,2019,1,24,1,3,False,2025-12-23 21:27:20.446641
397,2019-03-13,14:16:00,2019,3,13,1,2,False,2025-12-23 21:27:20.446641
398,2019-03-15,10:26:00,2019,3,15,1,4,False,2025-12-23 21:27:20.446641
399,2019-03-05,13:30:00,2019,3,5,1,1,False,2025-12-23 21:27:20.446641
400,2019-03-04,16:28:00,2019,3,4,1,0,False,2025-12-23 21:27:20.446641
401,2019-03-25,20:18:00,2019,3,25,1,0,False,2025-12-23 21:27:20.446641
402,2019-03-12,20:04:00,2019,3,12,1,1,False,2025-12-23 21:27:20.446641
403,2019-02-04,13:38:00,2019,2,4,1,0,False,2025-12-23 21:27:20.446641
404,2019-02-22,10:43:00,2019,2,22,1,4,False,2025-12-23 21:27:20.446641
405,2019-02-16,17:30:00,2019,2,16,1,5,True,2025-12-23 21:27:20.446641
406,2019-01-19,15:28:00,2019,1,19,1,5,True,2025-12-23 21:27:20.446641
407,2019-01-11,19:07:00,2019,1,11,1,4,False,2025-12-23 21:27:20.446641
408,2019-01-04,19:01:00,2019,1,4,1,4,False,2025-12-23 21:27:20.446641
409,2019-03-04,19:48:00,2019,3,4,1,0,False,2025-12-23 21:27:20.446641
410,2019-01-28,19:24:00,2019,1,28,1,0,False,2025-12-23 21:27:20.446641
411,2019-01-02,13:00:00,2019,1,2,1,2,False,2025-12-23 21:27:20.446641
412,2019-01-25,14:29:00,2019,1,25,1,4,False,2025-12-23 21:27:20.446641
413,2019-01-04,13:21:00,2019,1,4,1,4,False,2025-12-23 21:27:20.446641
414,2019-03-10,18:55:00,2019,3,10,1,6,True,2025-12-23 21:27:20.446641
415,2019-03-22,19:36:00,2019,3,22,1,4,False,2025-12-23 21:27:20.446641
416,2019-01-25,16:28:00,2019,1,25,1,4,False,2025-12-23 21:27:20.446641
417,2019-01-08,13:48:00,2019,1,8,1,1,False,2025-12-23 21:27:20.446641
418,2019-01-22,10:57:00,2019,1,22,1,1,False,2025-12-23 21:27:20.446641
419,2019-01-12,17:13:00,2019,1,12,1,5,True,2025-12-23 21:27:20.446641
420,2019-02-04,10:23:00,2019,2,4,1,0,False,2025-12-23 21:27:20.446641
421,2019-03-28,13:57:00,2019,3,28,1,3,False,2025-12-23 21:27:20.446641
422,2019-01-23,13:29:00,2019,1,23,1,2,False,2025-12-23 21:27:20.446641
423,2019-02-08,13:00:00,2019,2,8,1,4,False,2025-12-23 21:27:20.446641
424,2019-03-19,19:42:00,2019,3,19,1,1,False,2025-12-23 21:27:20.446641
425,2019-03-09,15:36:00,2019,3,9,1,5,True,2025-12-23 21:27:20.446641
426,2019-01-02,13:40:00,2019,1,2,1,2,False,2025-12-23 21:27:20.446641
427,2019-01-21,18:01:00,2019,1,21,1,0,False,2025-12-23 21:27:20.446641
428,2019-03-20,13:53:00,2019,3,20,1,2,False,2025-12-23 21:27:20.446641
429,2019-02-27,17:27:00,2019,2,27,1,2,False,2025-12-23 21:27:20.446641
430,2019-03-08,10:53:00,2019,3,8,1,4,False,2025-12-23 21:27:20.446641
431,2019-01-31,19:48:00,2019,1,31,1,3,False,2025-12-23 21:27:20.446641
432,2019-03-08,16:53:00,2019,3,8,1,4,False,2025-12-23 21:27:20.446641
433,2019-01-13,19:14:00,2019,1,13,1,6,True,2025-12-23 21:27:20.446641
434,2019-03-09,14:36:00,2019,3,9,1,5,True,2025-12-23 21:27:20.446641
435,2019-02-22,18:19:00,2019,2,22,1,4,False,2025-12-23 21:27:20.446641
436,2019-03-19,19:09:00,2019,3,19,1,1,False,2025-12-23 21:27:20.446641
437,2019-01-20,16:51:00,2019,1,20,1,6,True,2025-12-23 21:27:20.446641
438,2019-03-08,15:37:00,2019,3,8,1,4,False,2025-12-23 21:27:20.446641
439,2019-03-08,20:15:00,2019,3,8,1,4,False,2025-12-23 21:27:20.446641
440,2019-02-07,14:38:00,2019,2,7,1,3,False,2025-12-23 21:27:20.446641
441,2019-01-15,19:25:00,2019,1,15,1,1,False,2025-12-23 21:27:20.446641
442,2019-03-22,19:35:00,2019,3,22,1,4,False,2025-12-23 21:27:20.446641
443,2019-01-15,15:42:00,2019,1,15,1,1,False,2025-12-23 21:27:20.446641
444,2019-01-08,14:11:00,2019,1,8,1,1,False,2025-12-23 21:27:20.446641
445,2019-01-15,10:43:00,2019,1,15,1,1,False,2025-12-23 21:27:20.446641
446,2019-01-28,17:58:00,2019,1,28,1,0,False,2025-12-23 21:27:20.446641
447,2019-02-14,11:26:00,2019,2,14,1,3,False,2025-12-23 21:27:20.446641
448,2019-03-10,17:38:00,2019,3,10,1,6,True,2025-12-23 21:27:20.446641
449,2019-01-12,20:07:00,2019,1,12,1,5,True,2025-12-23 21:27:20.446641
450,2019-03-26,11:02:00,2019,3,26,1,1,False,2025-12-23 21:27:20.446641
451,2019-01-01,19:07:00,2019,1,1,1,1,False,2025-12-23 21:27:20.446641
452,2019-01-02,18:50:00,2019,1,2,1,2,False,2025-12-23 21:27:20.446641
453,2019-03-16,12:43:00,2019,3,16,1,5,True,2025-12-23 21:27:20.446641
454,2019-03-03,15:09:00,2019,3,3,1,6,True,2025-12-23 21:27:20.446641
455,2019-01-31,13:47:00,2019,1,31,1,3,False,2025-12-23 21:27:20.446641
456,2019-02-13,16:59:00,2019,2,13,1,2,False,2025-12-23 21:27:20.446641
457,2019-02-15,14:15:00,2019,2,15,1,4,False,2025-12-23 21:27:20.446641
458,2019-02-07,20:24:00,2019,2,7,1,3,False,2025-12-23 21:27:20.446641
459,2019-01-27,13:58:00,2019,1,27,1,6,True,2025-12-23 21:27:20.446641
460,2019-02-23,16:52:00,2019,2,23,1,5,True,2025-12-23 21:27:20.446641
461,2019-02-03,15:19:00,2019,2,3,1,6,True,2025-12-23 21:27:20.446641
462,2019-03-03,12:25:00,2019,3,3,1,6,True,2025-12-23 21:27:20.446641
463,2019-02-03,10:02:00,2019,2,3,1,6,True,2025-12-23 21:27:20.446641
464,2019-03-17,18:58:00,2019,3,17,1,6,True,2025-12-23 21:27:20.446641
465,2019-03-28,15:31:00,2019,3,28,1,3,False,2025-12-23 21:27:20.446641
466,2019-03-02,11:22:00,2019,3,2,1,5,True,2025-12-23 21:27:20.446641
467,2019-02-08,13:12:00,2019,2,8,1,4,False,2025-12-23 21:27:20.446641
468,2019-03-22,18:33:00,2019,3,22,1,4,False,2025-12-23 21:27:20.446641
469,2019-02-09,10:02:00,2019,2,9,1,5,True,2025-12-23 21:27:20.446641
470,2019-02-15,11:21:00,2019,2,15,1,4,False,2025-12-23 21:27:20.446641
471,2019-01-23,12:10:00,2019,1,23,1,2,False,2025-12-23 21:27:20.446641
472,2019-01-25,11:40:00,2019,1,25,1,4,False,2025-12-23 21:27:20.446641
473,2019-02-02,18:31:00,2019,2,2,1,5,True,2025-12-23 21:27:20.446641
474,2019-03-30,17:58:00,2019,3,30,1,5,True,2025-12-23 21:27:20.446641
475,2019-03-30,17:04:00,2019,3,30,1,5,True,2025-12-23 21:27:20.446641
476,2019-02-25,20:35:00,2019,2,25,1,0,False,2025-12-23 21:27:20.446641
477,2019-03-18,16:10:00,2019,3,18,1,0,False,2025-12-23 21:27:20.446641
478,2019-03-07,16:54:00,2019,3,7,1,3,False,2025-12-23 21:27:20.446641
479,2019-03-16,10:11:00,2019,3,16,1,5,True,2025-12-23 21:27:20.446641
480,2019-01-29,11:26:00,2019,1,29,1,1,False,2025-12-23 21:27:20.446641
481,2019-02-02,20:29:00,2019,2,2,1,5,True,2025-12-23 21:27:20.446641
482,2019-02-15,12:12:00,2019,2,15,1,4,False,2025-12-23 21:27:20.446641
483,2019-01-08,13:05:00,2019,1,8,1,1,False,2025-12-23 21:27:20.446641
484,2019-02-12,16:19:00,2019,2,12,1,1,False,2025-12-23 21:27:20.446641
485,2019-01-01,19:48:00,2019,1,1,1,1,False,2025-12-23 21:27:20.446641
486,2019-03-21,15:25:00,2019,3,21,1,3,False,2025-12-23 21:27:20.446641
487,2019-02-28,14:42:00,2019,2,28,1,3,False,2025-12-23 21:27:20.446641
488,2019-03-23,18:59:00,2019,3,23,1,5,True,2025-12-23 21:27:20.446641
489,2019-01-30,20:47:00,2019,1,30,1,2,False,2025-12-23 21:27:20.446641
490,2019-02-04,13:21:00,2019,2,4,1,0,False,2025-12-23 21:27:20.446641
491,2019-03-13,19:48:00,2019,3,13,1,2,False,2025-12-23 21:27:20.446641
492,2019-03-15,18:20:00,2019,3,15,1,4,False,2025-12-23 21:27:20.446641
493,2019-03-05,20:24:00,2019,3,5,1,1,False,2025-12-23 21:27:20.446641
494,2019-03-05,13:44:00,2019,3,5,1,1,False,2025-12-23 21:27:20.446641
495,2019-02-26,11:48:00,2019,2,26,1,1,False,2025-12-23 21:27:20.446641
496,2019-03-20,14:14:00,2019,3,20,1,2,False,2025-12-23 21:27:20.446641
497,2019-01-01,15:51:00,2019,1,1,1,1,False,2025-12-23 21:27:20.446641
498,2019-01-27,11:17:00,2019,1,27,1,6,True,2025-12-23 21:27:20.446641
499,2019-01-21,17:36:00,2019,1,21,1,0,False,2025-12-23 21:27:20.446641
500,2019-02-02,15:47:00,2019,2,2,1,5,True,2025-12-23 21:27:20.446641
501,2019-02-03,15:53:00,2019,2,3,1,6,True,2025-12-23 21:27:20.446641
502,2019-01-05,12:40:00,2019,1,5,1,5,True,2025-12-23 21:27:20.446641
503,2019-01-27,19:48:00,2019,1,27,1,6,True,2025-12-23 21:27:20.446641
504,2019-03-25,17:53:00,2019,3,25,1,0,False,2025-12-23 21:27:20.446641
505,2019-02-25,16:36:00,2019,2,25,1,0,False,2025-12-23 21:27:20.446641
506,2019-01-28,20:54:00,2019,1,28,1,0,False,2025-12-23 21:27:20.446641
507,2019-01-08,12:50:00,2019,1,8,1,1,False,2025-12-23 21:27:20.446641
508,2019-01-29,10:48:00,2019,1,29,1,1,False,2025-12-23 21:27:20.446641
509,2019-03-29,14:28:00,2019,3,29,1,4,False,2025-12-23 21:27:20.446641
510,2019-02-09,17:15:00,2019,2,9,1,5,True,2025-12-23 21:27:20.446641
511,2019-01-16,18:03:00,2019,1,16,1,2,False,2025-12-23 21:27:20.446641
512,2019-01-05,17:29:00,2019,1,5,1,5,True,2025-12-23 21:27:20.446641
513,2019-01-27,18:05:00,2019,1,27,1,6,True,2025-12-23 21:27:20.446641
514,2019-03-14,12:07:00,2019,3,14,1,3,False,2025-12-23 21:27:20.446641
515,2019-02-23,19:49:00,2019,2,23,1,5,True,2025-12-23 21:27:20.446641
516,2019-03-18,15:52:00,2019,3,18,1,0,False,2025-12-23 21:27:20.446641
517,2019-03-29,16:48:00,2019,3,29,1,4,False,2025-12-23 21:27:20.446641
518,2019-01-22,20:46:00,2019,1,22,1,1,False,2025-12-23 21:27:20.446641
519,2019-03-01,18:14:00,2019,3,1,1,4,False,2025-12-23 21:27:20.446641
520,2019-01-17,15:05:00,2019,1,17,1,3,False,2025-12-23 21:27:20.446641
521,2019-03-26,10:34:00,2019,3,26,1,1,False,2025-12-23 21:27:20.446641
522,2019-03-20,11:23:00,2019,3,20,1,2,False,2025-12-23 21:27:20.446641
523,2019-02-06,13:55:00,2019,2,6,1,2,False,2025-12-23 21:27:20.446641
524,2019-01-01,11:43:00,2019,1,1,1,1,False,2025-12-23 21:27:20.446641
525,2019-01-27,14:36:00,2019,1,27,1,6,True,2025-12-23 21:27:20.446641
526,2019-02-25,16:03:00,2019,2,25,1,0,False,2025-12-23 21:27:20.446641
527,2019-01-16,20:03:00,2019,1,16,1,2,False,2025-12-23 21:27:20.446641
528,2019-01-13,14:55:00,2019,1,13,1,6,True,2025-12-23 21:27:20.446641
529,2019-02-17,19:41:00,2019,2,17,1,6,True,2025-12-23 21:27:20.446641
530,2019-02-12,19:01:00,2019,2,12,1,1,False,2025-12-23 21:27:20.446641
531,2019-01-24,18:04:00,2019,1,24,1,3,False,2025-12-23 21:27:20.446641
532,2019-02-06,19:20:00,2019,2,6,1,2,False,2025-12-23 21:27:20.446641
533,2019-03-26,10:31:00,2019,3,26,1,1,False,2025-12-23 21:27:20.446641
534,2019-03-11,13:28:00,2019,3,11,1,0,False,2025-12-23 21:27:20.446641
535,2019-02-07,11:36:00,2019,2,7,1,3,False,2025-12-23 21:27:20.446641
536,2019-01-05,11:32:00,2019,1,5,1,5,True,2025-12-23 21:27:20.446641
537,2019-03-07,11:44:00,2019,3,7,1,3,False,2025-12-23 21:27:20.446641
538,2019-02-25,17:16:00,2019,2,25,1,0,False,2025-12-23 21:27:20.446641
539,2019-02-01,18:43:00,2019,2,1,1,4,False,2025-12-23 21:27:20.446641
540,2019-01-22,11:00:00,2019,1,22,1,1,False,2025-12-23 21:27:20.446641
541,2019-01-03,10:30:00,2019,1,3,1,3,False,2025-12-23 21:27:20.446641
542,2019-02-13,12:14:00,2019,2,13,1,2,False,2025-12-23 21:27:20.446641
543,2019-01-28,16:43:00,2019,1,28,1,0,False,2025-12-23 21:27:20.446641
544,2019-01-05,20:40:00,2019,1,5,1,5,True,2025-12-23 21:27:20.446641
545,2019-03-19,13:40:00,2019,3,19,1,1,False,2025-12-23 21:27:20.446641
546,2019-01-12,16:23:00,2019,1,12,1,5,True,2025-12-23 21:27:20.446641
547,2019-01-07,12:08:00,2019,1,7,1,0,False,2025-12-23 21:27:20.446641
548,2019-01-26,17:45:00,2019,1,26,1,5,True,2025-12-23 21:27:20.446641
549,2019-01-23,10:28:00,2019,1,23,1,2,False,2025-12-23 21:27:20.446641
550,2019-02-09,20:31:00,2019,2,9,1,5,True,2025-12-23 21:27:20.446641
551,2019-02-22,10:49:00,2019,2,22,1,4,False,2025-12-23 21:27:20.446641
552,2019-02-05,12:34:00,2019,2,5,1,1,False,2025-12-23 21:27:20.446641
553,2019-03-07,10:23:00,2019,3,7,1,3,False,2025-12-23 21:27:20.446641
554,2019-03-25,18:51:00,2019,3,25,1,0,False,2025-12-23 21:27:20.446641
555,2019-01-20,13:45:00,2019,1,20,1,6,True,2025-12-23 21:27:20.446641
556,2019-02-04,19:38:00,2019,2,4,1,0,False,2025-12-23 21:27:20.446641
557,2019-01-30,20:23:00,2019,1,30,1,2,False,2025-12-23 21:27:20.446641
558,2019-01-02,15:24:00,2019,1,2,1,2,False,2025-12-23 21:27:20.446641
559,2019-03-29,16:54:00,2019,3,29,1,4,False,2025-12-23 21:27:20.446641
560,2019-03-14,12:32:00,2019,3,14,1,3,False,2025-12-23 21:27:20.446641
561,2019-02-11,15:42:00,2019,2,11,1,0,False,2025-12-23 21:27:20.446641
562,2019-01-30,13:58:00,2019,1,30,1,2,False,2025-12-23 21:27:20.446641
563,2019-03-20,15:08:00,2019,3,20,1,2,False,2025-12-23 21:27:20.446641
564,2019-03-20,13:02:00,2019,3,20,1,2,False,2025-12-23 21:27:20.446641
565,2019-01-17,13:01:00,2019,1,17,1,3,False,2025-12-23 21:27:20.446641
566,2019-02-03,16:40:00,2019,2,3,1,6,True,2025-12-23 21:27:20.446641
567,2019-01-01,13:55:00,2019,1,1,1,1,False,2025-12-23 21:27:20.446641
568,2019-01-10,10:33:00,2019,1,10,1,3,False,2025-12-23 21:27:20.446641
569,2019-03-02,16:42:00,2019,3,2,1,5,True,2025-12-23 21:27:20.446641
570,2019-01-29,11:48:00,2019,1,29,1,1,False,2025-12-23 21:27:20.446641
571,2019-03-10,19:35:00,2019,3,10,1,6,True,2025-12-23 21:27:20.446641
572,2019-01-13,19:55:00,2019,1,13,1,6,True,2025-12-23 21:27:20.446641
573,2019-03-22,14:33:00,2019,3,22,1,4,False,2025-12-23 21:27:20.446641
574,2019-03-01,19:49:00,2019,3,1,1,4,False,2025-12-23 21:27:20.446641
575,2019-02-20,18:43:00,2019,2,20,1,2,False,2025-12-23 21:27:20.446641
576,2019-01-14,14:43:00,2019,1,14,1,0,False,2025-12-23 21:27:20.446641
577,2019-03-26,13:54:00,2019,3,26,1,1,False,2025-12-23 21:27:20.446641
578,2019-03-01,12:15:00,2019,3,1,1,4,False,2025-12-23 21:27:20.446641
579,2019-01-07,12:37:00,2019,1,7,1,0,False,2025-12-23 21:27:20.446641
580,2019-02-01,19:54:00,2019,2,1,1,4,False,2025-12-23 21:27:20.446641
581,2019-02-13,15:06:00,2019,2,13,1,2,False,2025-12-23 21:27:20.446641
582,2019-01-14,18:03:00,2019,1,14,1,0,False,2025-12-23 21:27:20.446641
583,2019-01-19,15:58:00,2019,1,19,1,5,True,2025-12-23 21:27:20.446641
584,2019-03-09,13:53:00,2019,3,9,1,5,True,2025-12-23 21:27:20.446641
585,2019-03-27,14:03:00,2019,3,27,1,2,False,2025-12-23 21:27:20.446641
586,2019-02-04,16:38:00,2019,2,4,1,0,False,2025-12-23 21:27:20.446641
587,2019-03-14,11:07:00,2019,3,14,1,3,False,2025-12-23 21:27:20.446641
588,2019-03-04,12:23:00,2019,3,4,1,0,False,2025-12-23 21:27:20.446641
589,2019-03-03,10:54:00,2019,3,3,1,6,True,2025-12-23 21:27:20.446641
590,2019-01-27,17:38:00,2019,1,27,1,6,True,2025-12-23 21:27:20.446641
591,2019-02-07,14:13:00,2019,2,7,1,3,False,2025-12-23 21:27:20.446641
592,2019-02-05,11:51:00,2019,2,5,1,1,False,2025-12-23 21:27:20.446641
593,2019-03-15,13:05:00,2019,3,15,1,4,False,2025-12-23 21:27:20.446641
594,2019-03-01,11:30:00,2019,3,1,1,4,False,2025-12-23 21:27:20.446641
595,2019-02-15,13:30:00,2019,2,15,1,4,False,2025-12-23 21:27:20.446641
596,2019-02-17,19:11:00,2019,2,17,1,6,True,2025-12-23 21:27:20.446641
597,2019-01-26,18:53:00,2019,1,26,1,5,True,2025-12-23 21:27:20.446641
598,2019-03-24,14:22:00,2019,3,24,1,6,True,2025-12-23 21:27:20.446641
599,2019-01-23,17:16:00,2019,1,23,1,2,False,2025-12-23 21:27:20.446641
600,2019-01-26,10:06:00,2019,1,26,1,5,True,2025-12-23 21:27:20.446641
601,2019-03-14,20:35:00,2019,3,14,1,3,False,2025-12-23 21:27:20.446641
602,2019-03-17,13:54:00,2019,3,17,1,6,True,2025-12-23 21:27:20.446641
603,2019-01-08,20:08:00,2019,1,8,1,1,False,2025-12-23 21:27:20.446641
604,2019-02-08,15:26:00,2019,2,8,1,4,False,2025-12-23 21:27:20.446641
605,2019-02-10,12:56:00,2019,2,10,1,6,True,2025-12-23 21:27:20.446641
606,2019-03-28,19:16:00,2019,3,28,1,3,False,2025-12-23 21:27:20.446641
607,2019-01-23,12:20:00,2019,1,23,1,2,False,2025-12-23 21:27:20.446641
608,2019-01-17,10:37:00,2019,1,17,1,3,False,2025-12-23 21:27:20.446641
609,2019-02-07,10:18:00,2019,2,7,1,3,False,2025-12-23 21:27:20.446641
610,2019-03-09,11:23:00,2019,3,9,1,5,True,2025-12-23 21:27:20.446641
611,2019-01-24,11:45:00,2019,1,24,1,3,False,2025-12-23 21:27:20.446641
612,2019-01-19,16:08:00,2019,1,19,1,5,True,2025-12-23 21:27:20.446641
613,2019-02-03,11:25:00,2019,2,3,1,6,True,2025-12-23 21:27:20.446641
614,2019-03-20,12:24:00,2019,3,20,1,2,False,2025-12-23 21:27:20.446641
615,2019-01-13,19:51:00,2019,1,13,1,6,True,2025-12-23 21:27:20.446641
616,2019-03-14,18:10:00,2019,3,14,1,3,False,2025-12-23 21:27:20.446641
617,2019-01-23,11:22:00,2019,1,23,1,2,False,2025-12-23 21:27:20.446641
618,2019-02-07,17:55:00,2019,2,7,1,3,False,2025-12-23 21:27:20.446641
619,2019-03-28,15:30:00,2019,3,28,1,3,False,2025-12-23 21:27:20.446641
620,2019-03-20,19:44:00,2019,3,20,1,2,False,2025-12-23 21:27:20.446641
621,2019-01-17,15:27:00,2019,1,17,1,3,False,2025-12-23 21:27:20.446641
622,2019-01-12,11:25:00,2019,1,12,1,5,True,2025-12-23 21:27:20.446641
623,2019-02-16,15:42:00,2019,2,16,1,5,True,2025-12-23 21:27:20.446641
624,2019-01-26,16:04:00,2019,1,26,1,5,True,2025-12-23 21:27:20.446641
625,2019-03-09,12:37:00,2019,3,9,1,5,True,2025-12-23 21:27:20.446641
626,2019-03-14,14:41:00,2019,3,14,1,3,False,2025-12-23 21:27:20.446641
627,2019-01-25,14:19:00,2019,1,25,1,4,False,2025-12-23 21:27:20.446641
628,2019-01-26,18:19:00,2019,1,26,1,5,True,2025-12-23 21:27:20.446641
629,2019-01-19,14:08:00,2019,1,19,1,5,True,2025-12-23 21:27:20.446641
630,2019-03-05,16:38:00,2019,3,5,1,1,False,2025-12-23 21:27:20.446641
631,2019-01-15,10:54:00,2019,1,15,1,1,False,2025-12-23 21:27:20.446641
632,2019-03-18,11:29:00,2019,3,18,1,0,False,2025-12-23 21:27:20.446641
633,2019-03-20,19:28:00,2019,3,20,1,2,False,2025-12-23 21:27:20.446641
634,2019-01-15,15:01:00,2019,1,15,1,1,False,2025-12-23 21:27:20.446641
635,2019-03-03,20:31:00,2019,3,3,1,6,True,2025-12-23 21:27:20.446641
636,2019-03-19,12:16:00,2019,3,19,1,1,False,2025-12-23 21:27:20.446641
637,2019-03-08,15:27:00,2019,3,8,1,4,False,2025-12-23 21:27:20.446641
638,2019-02-27,17:36:00,2019,2,27,1,2,False,2025-12-23 21:27:20.446641
639,2019-02-23,20:00:00,2019,2,23,1,5,True,2025-12-23 21:27:20.446641
640,2019-03-19,15:29:00,2019,3,19,1,1,False,2025-12-23 21:27:20.446641
641,2019-03-27,15:08:00,2019,3,27,1,2,False,2025-12-23 21:27:20.446641
642,2019-03-30,19:26:00,2019,3,30,1,5,True,2025-12-23 21:27:20.446641
643,2019-02-16,15:53:00,2019,2,16,1,5,True,2025-12-23 21:27:20.446641
644,2019-01-18,18:43:00,2019,1,18,1,4,False,2025-12-23 21:27:20.446641
645,2019-03-30,14:58:00,2019,3,30,1,5,True,2025-12-23 21:27:20.446641
646,2019-03-20,19:55:00,2019,3,20,1,2,False,2025-12-23 21:27:20.446641
647,2019-01-16,15:10:00,2019,1,16,1,2,False,2025-12-23 21:27:20.446641
648,2019-02-24,16:44:00,2019,2,24,1,6,True,2025-12-23 21:27:20.446641
649,2019-01-15,18:22:00,2019,1,15,1,1,False,2025-12-23 21:27:20.446641
650,2019-01-22,11:52:00,2019,1,22,1,1,False,2025-12-23 21:27:20.446641
651,2019-02-03,17:24:00,2019,2,3,1,6,True,2025-12-23 21:27:20.446641
652,2019-03-06,15:31:00,2019,3,6,1,2,False,2025-12-23 21:27:20.446641
653,2019-02-16,18:04:00,2019,2,16,1,5,True,2025-12-23 21:27:20.446641
654,2019-03-14,14:13:00,2019,3,14,1,3,False,2025-12-23 21:27:20.446641
655,2019-02-27,10:23:00,2019,2,27,1,2,False,2025-12-23 21:27:20.446641
656,2019-01-18,10:11:00,2019,1,18,1,4,False,2025-12-23 21:27:20.446641
657,2019-01-29,15:48:00,2019,1,29,1,1,False,2025-12-23 21:27:20.446641
658,2019-02-26,17:46:00,2019,2,26,1,1,False,2025-12-23 21:27:20.446641
659,2019-02-03,11:46:00,2019,2,3,1,6,True,2025-12-23 21:27:20.446641
660,2019-01-16,12:07:00,2019,1,16,1,2,False,2025-12-23 21:27:20.446641
661,2019-03-24,18:14:00,2019,3,24,1,6,True,2025-12-23 21:27:20.446641
662,2019-02-12,14:45:00,2019,2,12,1,1,False,2025-12-23 21:27:20.446641
663,2019-02-21,11:39:00,2019,2,21,1,3,False,2025-12-23 21:27:20.446641
664,2019-02-04,15:44:00,2019,2,4,1,0,False,2025-12-23 21:27:20.446641
665,2019-02-20,13:06:00,2019,2,20,1,2,False,2025-12-23 21:27:20.446641
666,2019-02-23,20:43:00,2019,2,23,1,5,True,2025-12-23 21:27:20.446641
667,2019-02-16,14:19:00,2019,2,16,1,5,True,2025-12-23 21:27:20.446641
668,2019-01-17,10:01:00,2019,1,17,1,3,False,2025-12-23 21:27:20.446641
669,2019-01-14,19:30:00,2019,1,14,1,0,False,2025-12-23 21:27:20.446641
670,2019-03-30,16:34:00,2019,3,30,1,5,True,2025-12-23 21:27:20.446641
671,2019-03-02,13:10:00,2019,3,2,1,5,True,2025-12-23 21:27:20.446641
672,2019-02-15,17:10:00,2019,2,15,1,4,False,2025-12-23 21:27:20.446641
673,2019-03-01,10:22:00,2019,3,1,1,4,False,2025-12-23 21:27:20.446641
674,2019-02-24,19:57:00,2019,2,24,1,6,True,2025-12-23 21:27:20.446641
675,2019-02-19,19:29:00,2019,2,19,1,1,False,2025-12-23 21:27:20.446641
676,2019-02-23,18:30:00,2019,2,23,1,5,True,2025-12-23 21:27:20.446641
677,2019-02-07,14:27:00,2019,2,7,1,3,False,2025-12-23 21:27:20.446641
678,2019-01-11,13:57:00,2019,1,11,1,4,False,2025-12-23 21:27:20.446641
679,2019-02-12,19:43:00,2019,2,12,1,1,False,2025-12-23 21:27:20.446641
680,2019-01-14,10:11:00,2019,1,14,1,0,False,2025-12-23 21:27:20.446641
681,2019-01-09,13:46:00,2019,1,9,1,2,False,2025-12-23 21:27:20.446641
682,2019-02-27,12:22:00,2019,2,27,1,2,False,2025-12-23 21:27:20.446641
683,2019-01-24,19:20:00,2019,1,24,1,3,False,2025-12-23 21:27:20.446641
684,2019-01-08,12:58:00,2019,1,8,1,1,False,2025-12-23 21:27:20.446641
685,2019-01-08,11:59:00,2019,1,8,1,1,False,2025-12-23 21:27:20.446641
686,2019-01-16,17:59:00,2019,1,16,1,2,False,2025-12-23 21:27:20.446641
687,2019-03-13,12:51:00,2019,3,13,1,2,False,2025-12-23 21:27:20.446641
688,2019-02-15,10:36:00,2019,2,15,1,4,False,2025-12-23 21:27:20.446641
689,2019-01-25,13:38:00,2019,1,25,1,4,False,2025-12-23 21:27:20.446641
690,2019-03-12,19:39:00,2019,3,12,1,1,False,2025-12-23 21:27:20.446641
691,2019-03-04,12:44:00,2019,3,4,1,0,False,2025-12-23 21:27:20.446641
692,2019-02-10,13:56:00,2019,2,10,1,6,True,2025-12-23 21:27:20.446641
693,2019-01-16,14:42:00,2019,1,16,1,2,False,2025-12-23 21:27:20.446641
694,2019-01-29,19:45:00,2019,1,29,1,1,False,2025-12-23 21:27:20.446641
695,2019-01-01,20:26:00,2019,1,1,1,1,False,2025-12-23 21:27:20.446641
696,2019-01-06,19:46:00,2019,1,6,1,6,True,2025-12-23 21:27:20.446641
697,2019-02-19,19:38:00,2019,2,19,1,1,False,2025-12-23 21:27:20.446641
698,2019-01-12,16:18:00,2019,1,12,1,5,True,2025-12-23 21:27:20.446641
699,2019-02-07,12:23:00,2019,2,7,1,3,False,2025-12-23 21:27:20.446641
700,2019-03-27,19:11:00,2019,3,27,1,2,False,2025-12-23 21:27:20.446641
701,2019-02-27,18:57:00,2019,2,27,1,2,False,2025-12-23 21:27:20.446641
702,2019-01-06,11:18:00,2019,1,6,1,6,True,2025-12-23 21:27:20.446641
703,2019-03-02,12:40:00,2019,3,2,1,5,True,2025-12-23 21:27:20.446641
704,2019-03-29,14:06:00,2019,3,29,1,4,False,2025-12-23 21:27:20.446641
705,2019-01-31,20:48:00,2019,1,31,1,3,False,2025-12-23 21:27:20.446641
706,2019-01-21,20:13:00,2019,1,21,1,0,False,2025-12-23 21:27:20.446641
707,2019-01-20,20:37:00,2019,1,20,1,6,True,2025-12-23 21:27:20.446641
708,2019-01-17,17:59:00,2019,1,17,1,3,False,2025-12-23 21:27:20.446641
709,2019-02-28,20:18:00,2019,2,28,1,3,False,2025-12-23 21:27:20.446641
710,2019-03-19,15:52:00,2019,3,19,1,1,False,2025-12-23 21:27:20.446641
711,2019-02-19,15:14:00,2019,2,19,1,1,False,2025-12-23 21:27:20.446641
712,2019-02-04,12:50:00,2019,2,4,1,0,False,2025-12-23 21:27:20.446641
713,2019-01-31,10:36:00,2019,1,31,1,3,False,2025-12-23 21:27:20.446641
714,2019-02-06,18:33:00,2019,2,6,1,2,False,2025-12-23 21:27:20.446641
715,2019-03-28,16:06:00,2019,3,28,1,3,False,2025-12-23 21:27:20.446641
716,2019-01-19,12:47:00,2019,1,19,1,5,True,2025-12-23 21:27:20.446641
717,2019-02-17,13:34:00,2019,2,17,1,6,True,2025-12-23 21:27:20.446641
718,2019-01-18,15:04:00,2019,1,18,1,4,False,2025-12-23 21:27:20.446641
719,2019-02-02,20:42:00,2019,2,2,1,5,True,2025-12-23 21:27:20.446641
720,2019-01-18,15:28:00,2019,1,18,1,4,False,2025-12-23 21:27:20.446641
721,2019-03-18,13:45:00,2019,3,18,1,0,False,2025-12-23 21:27:20.446641
722,2019-01-11,20:10:00,2019,1,11,1,4,False,2025-12-23 21:27:20.446641
723,2019-02-04,18:53:00,2019,2,4,1,0,False,2025-12-23 21:27:20.446641
724,2019-02-06,14:24:00,2019,2,6,1,2,False,2025-12-23 21:27:20.446641
725,2019-01-08,11:42:00,2019,1,8,1,1,False,2025-12-23 21:27:20.446641
726,2019-03-05,17:49:00,2019,3,5,1,1,False,2025-12-23 21:27:20.446641
727,2019-03-16,15:33:00,2019,3,16,1,5,True,2025-12-23 21:27:20.446641
728,2019-03-09,10:54:00,2019,3,9,1,5,True,2025-12-23 21:27:20.446641
729,2019-03-01,16:23:00,2019,3,1,1,4,False,2025-12-23 21:27:20.446641
730,2019-02-28,19:33:00,2019,2,28,1,3,False,2025-12-23 21:27:20.446641
731,2019-02-08,11:39:00,2019,2,8,1,4,False,2025-12-23 21:27:20.446641
732,2019-01-24,10:38:00,2019,1,24,1,3,False,2025-12-23 21:27:20.446641
733,2019-03-01,20:03:00,2019,3,1,1,4,False,2025-12-23 21:27:20.446641
734,2019-03-10,12:39:00,2019,3,10,1,6,True,2025-12-23 21:27:20.446641
735,2019-03-23,15:59:00,2019,3,23,1,5,True,2025-12-23 21:27:20.446641
736,2019-01-29,14:26:00,2019,1,29,1,1,False,2025-12-23 21:27:20.446641
737,2019-01-12,18:22:00,2019,1,12,1,5,True,2025-12-23 21:27:20.446641
738,2019-03-20,11:32:00,2019,3,20,1,2,False,2025-12-23 21:27:20.446641
739,2019-03-23,12:41:00,2019,3,23,1,5,True,2025-12-23 21:27:20.446641
740,2019-01-14,15:20:00,2019,1,14,1,0,False,2025-12-23 21:27:20.446641
741,2019-02-12,14:33:00,2019,2,12,1,1,False,2025-12-23 21:27:20.446641
742,2019-02-20,15:29:00,2019,2,20,1,2,False,2025-12-23 21:27:20.446641
743,2019-01-02,16:19:00,2019,1,2,1,2,False,2025-12-23 21:27:20.446641
744,2019-02-02,16:33:00,2019,2,2,1,5,True,2025-12-23 21:27:20.446641
745,2019-01-08,19:07:00,2019,1,8,1,1,False,2025-12-23 21:27:20.446641
746,2019-01-30,14:43:00,2019,1,30,1,2,False,2025-12-23 21:27:20.446641
747,2019-03-26,19:28:00,2019,3,26,1,1,False,2025-12-23 21:27:20.446641
748,2019-01-15,20:44:00,2019,1,15,1,1,False,2025-12-23 21:27:20.446641
749,2019-03-14,11:16:00,2019,3,14,1,3,False,2025-12-23 21:27:20.446641
750,2019-02-03,10:31:00,2019,2,3,1,6,True,2025-12-23 21:27:20.446641
751,2019-02-22,12:30:00,2019,2,22,1,4,False,2025-12-23 21:27:20.446641
752,2019-01-24,15:05:00,2019,1,24,1,3,False,2025-12-23 21:27:20.446641
753,2019-01-25,18:30:00,2019,1,25,1,4,False,2025-12-23 21:27:20.446641
754,2019-03-09,13:18:00,2019,3,9,1,5,True,2025-12-23 21:27:20.446641
755,2019-02-17,15:28:00,2019,2,17,1,6,True,2025-12-23 21:27:20.446641
756,2019-01-11,11:52:00,2019,1,11,1,4,False,2025-12-23 21:27:20.446641
757,2019-02-27,18:24:00,2019,2,27,1,2,False,2025-12-23 21:27:20.446641
758,2019-03-25,15:19:00,2019,3,25,1,0,False,2025-12-23 21:27:20.446641
759,2019-02-11,10:38:00,2019,2,11,1,0,False,2025-12-23 21:27:20.446641
760,2019-01-31,15:12:00,2019,1,31,1,3,False,2025-12-23 21:27:20.446641
761,2019-01-20,17:48:00,2019,1,20,1,6,True,2025-12-23 21:27:20.446641
762,2019-03-26,11:07:00,2019,3,26,1,1,False,2025-12-23 21:27:20.446641
763,2019-01-20,15:48:00,2019,1,20,1,6,True,2025-12-23 21:27:20.446641
764,2019-03-05,19:40:00,2019,3,5,1,1,False,2025-12-23 21:27:20.446641
765,2019-01-05,20:30:00,2019,1,5,1,5,True,2025-12-23 21:27:20.446641
766,2019-02-13,13:59:00,2019,2,13,1,2,False,2025-12-23 21:27:20.446641
767,2019-03-16,18:51:00,2019,3,16,1,5,True,2025-12-23 21:27:20.446641
768,2019-01-15,17:24:00,2019,1,15,1,1,False,2025-12-23 21:27:20.446641
769,2019-02-26,11:58:00,2019,2,26,1,1,False,2025-12-23 21:27:20.446641
770,2019-02-27,19:01:00,2019,2,27,1,2,False,2025-12-23 21:27:20.446641
771,2019-02-17,16:50:00,2019,2,17,1,6,True,2025-12-23 21:27:20.446641
772,2019-02-06,10:22:00,2019,2,6,1,2,False,2025-12-23 21:27:20.446641
773,2019-01-17,16:46:00,2019,1,17,1,3,False,2025-12-23 21:27:20.446641
774,2019-01-22,18:08:00,2019,1,22,1,1,False,2025-12-23 21:27:20.446641
775,2019-03-05,18:02:00,2019,3,5,1,1,False,2025-12-23 21:27:20.446641
776,2019-01-03,13:07:00,2019,1,3,1,3,False,2025-12-23 21:27:20.446641
777,2019-03-20,17:52:00,2019,3,20,1,2,False,2025-12-23 21:27:20.446641
778,2019-01-31,20:32:00,2019,1,31,1,3,False,2025-12-23 21:27:20.446641
779,2019-02-19,19:24:00,2019,2,19,1,1,False,2025-12-23 21:27:20.446641
780,2019-02-11,16:06:00,2019,2,11,1,0,False,2025-12-23 21:27:20.446641
781,2019-02-05,14:14:00,2019,2,5,1,1,False,2025-12-23 21:27:20.446641
782,2019-03-03,17:36:00,2019,3,3,1,6,True,2025-12-23 21:27:20.446641
783,2019-02-24,13:08:00,2019,2,24,1,6,True,2025-12-23 21:27:20.446641
784,2019-02-04,16:09:00,2019,2,4,1,0,False,2025-12-23 21:27:20.446641
785,2019-02-19,11:33:00,2019,2,19,1,1,False,2025-12-23 21:27:20.446641
786,2019-01-23,10:18:00,2019,1,23,1,2,False,2025-12-23 21:27:20.446641
787,2019-01-14,10:55:00,2019,1,14,1,0,False,2025-12-23 21:27:20.446641
788,2019-01-17,15:15:00,2019,1,17,1,3,False,2025-12-23 21:27:20.446641
789,2019-03-03,20:06:00,2019,3,3,1,6,True,2025-12-23 21:27:20.446641
790,2019-01-15,13:48:00,2019,1,15,1,1,False,2025-12-23 21:27:20.446641
791,2019-02-27,12:52:00,2019,2,27,1,2,False,2025-12-23 21:27:20.446641
792,2019-02-26,12:28:00,2019,2,26,1,1,False,2025-12-23 21:27:20.446641
793,2019-03-15,16:26:00,2019,3,15,1,4,False,2025-12-23 21:27:20.446641
794,2019-01-24,13:24:00,2019,1,24,1,3,False,2025-12-23 21:27:20.446641
795,2019-02-22,15:15:00,2019,2,22,1,4,False,2025-12-23 21:27:20.446641
796,2019-03-15,10:50:00,2019,3,15,1,4,False,2025-12-23 21:27:20.446641
797,2019-02-11,18:38:00,2019,2,11,1,0,False,2025-12-23 21:27:20.446641
798,2019-01-12,16:45:00,2019,1,12,1,5,True,2025-12-23 21:27:20.446641
799,2019-03-03,19:30:00,2019,3,3,1,6,True,2025-12-23 21:27:20.446641
800,2019-03-23,13:23:00,2019,3,23,1,5,True,2025-12-23 21:27:20.446641
801,2019-03-04,11:27:00,2019,3,4,1,0,False,2025-12-23 21:27:20.446641
802,2019-02-23,11:12:00,2019,2,23,1,5,True,2025-12-23 21:27:20.446641
803,2019-03-17,16:36:00,2019,3,17,1,6,True,2025-12-23 21:27:20.446641
804,2019-01-16,18:41:00,2019,1,16,1,2,False,2025-12-23 21:27:20.446641
805,2019-01-08,17:12:00,2019,1,8,1,1,False,2025-12-23 21:27:20.446641
806,2019-01-14,10:38:00,2019,1,14,1,0,False,2025-12-23 21:27:20.446641
807,2019-01-31,10:33:00,2019,1,31,1,3,False,2025-12-23 21:27:20.446641
808,2019-03-15,14:38:00,2019,3,15,1,4,False,2025-12-23 21:27:20.446641
809,2019-02-24,18:06:00,2019,2,24,1,6,True,2025-12-23 21:27:20.446641
810,2019-02-08,12:52:00,2019,2,8,1,4,False,2025-12-23 21:27:20.446641
811,2019-03-22,14:00:00,2019,3,22,1,4,False,2025-12-23 21:27:20.446641
812,2019-01-24,10:57:00,2019,1,24,1,3,False,2025-12-23 21:27:20.446641
813,2019-03-14,16:45:00,2019,3,14,1,3,False,2025-12-23 21:27:20.446641
814,2019-01-23,11:15:00,2019,1,23,1,2,False,2025-12-23 21:27:20.446641
815,2019-01-19,20:29:00,2019,1,19,1,5,True,2025-12-23 21:27:20.446641
816,2019-01-27,20:03:00,2019,1,27,1,6,True,2025-12-23 21:27:20.446641
817,2019-02-03,14:35:00,2019,2,3,1,6,True,2025-12-23 21:27:20.446641
818,2019-03-25,16:32:00,2019,3,25,1,0,False,2025-12-23 21:27:20.446641
819,2019-02-24,10:10:00,2019,2,24,1,6,True,2025-12-23 21:27:20.446641
820,2019-02-07,14:15:00,2019,2,7,1,3,False,2025-12-23 21:27:20.446641
821,2019-03-04,10:05:00,2019,3,4,1,0,False,2025-12-23 21:27:20.446641
822,2019-02-14,11:36:00,2019,2,14,1,3,False,2025-12-23 21:27:20.446641
823,2019-01-29,18:15:00,2019,1,29,1,1,False,2025-12-23 21:27:20.446641
824,2019-01-28,13:53:00,2019,1,28,1,0,False,2025-12-23 21:27:20.446641
825,2019-03-26,18:37:00,2019,3,26,1,1,False,2025-12-23 21:27:20.446641
826,2019-01-01,14:42:00,2019,1,1,1,1,False,2025-12-23 21:27:20.446641
827,2019-01-24,17:43:00,2019,1,24,1,3,False,2025-12-23 21:27:20.446641
828,2019-02-25,18:37:00,2019,2,25,1,0,False,2025-12-23 21:27:20.446641
829,2019-01-09,16:34:00,2019,1,9,1,2,False,2025-12-23 21:27:20.446641
830,2019-02-14,14:42:00,2019,2,14,1,3,False,2025-12-23 21:27:20.446641
831,2019-03-12,11:01:00,2019,3,12,1,1,False,2025-12-23 21:27:20.446641
832,2019-03-26,19:44:00,2019,3,26,1,1,False,2025-12-23 21:27:20.446641
833,2019-01-09,13:34:00,2019,1,9,1,2,False,2025-12-23 21:27:20.446641
834,2019-01-02,20:08:00,2019,1,2,1,2,False,2025-12-23 21:27:20.446641
835,2019-01-01,11:40:00,2019,1,1,1,1,False,2025-12-23 21:27:20.446641
836,2019-02-15,15:21:00,2019,2,15,1,4,False,2025-12-23 21:27:20.446641
837,2019-02-28,17:38:00,2019,2,28,1,3,False,2025-12-23 21:27:20.446641
838,2019-03-02,16:16:00,2019,3,2,1,5,True,2025-12-23 21:27:20.446641
839,2019-02-13,18:15:00,2019,2,13,1,2,False,2025-12-23 21:27:20.446641
840,2019-01-26,12:43:00,2019,1,26,1,5,True,2025-12-23 21:27:20.446641
841,2019-01-30,11:32:00,2019,1,30,1,2,False,2025-12-23 21:27:20.446641
842,2019-01-27,18:08:00,2019,1,27,1,6,True,2025-12-23 21:27:20.446641
843,2019-01-30,17:08:00,2019,1,30,1,2,False,2025-12-23 21:27:20.446641
844,2019-01-08,19:38:00,2019,1,8,1,1,False,2025-12-23 21:27:20.446641
845,2019-01-19,13:11:00,2019,1,19,1,5,True,2025-12-23 21:27:20.446641
846,2019-01-25,11:05:00,2019,1,25,1,4,False,2025-12-23 21:27:20.446641
847,2019-02-19,10:12:00,2019,2,19,1,1,False,2025-12-23 21:27:20.446641
848,2019-01-14,15:42:00,2019,1,14,1,0,False,2025-12-23 21:27:20.446641
849,2019-02-25,11:58:00,2019,2,25,1,0,False,2025-12-23 21:27:20.446641
850,2019-01-23,14:21:00,2019,1,23,1,2,False,2025-12-23 21:27:20.446641
851,2019-02-16,10:52:00,2019,2,16,1,5,True,2025-12-23 21:27:20.446641
852,2019-01-01,19:31:00,2019,1,1,1,1,False,2025-12-23 21:27:20.446641
853,2019-03-07,18:35:00,2019,3,7,1,3,False,2025-12-23 21:27:20.446641
854,2019-02-15,13:51:00,2019,2,15,1,4,False,2025-12-23 21:27:20.446641
855,2019-01-23,12:35:00,2019,1,23,1,2,False,2025-12-23 21:27:20.446641
856,2019-02-20,13:24:00,2019,2,20,1,2,False,2025-12-23 21:27:20.446641
857,2019-01-08,18:06:00,2019,1,8,1,1,False,2025-12-23 21:27:20.446641
858,2019-03-17,11:55:00,2019,3,17,1,6,True,2025-12-23 21:27:20.446641
859,2019-01-12,11:42:00,2019,1,12,1,5,True,2025-12-23 21:27:20.446641
860,2019-01-08,14:30:00,2019,1,8,1,1,False,2025-12-23 21:27:20.446641
861,2019-01-26,15:11:00,2019,1,26,1,5,True,2025-12-23 21:27:20.446641
862,2019-03-15,14:48:00,2019,3,15,1,4,False,2025-12-23 21:27:20.446641
863,2019-01-17,12:36:00,2019,1,17,1,3,False,2025-12-23 21:27:20.446641
864,2019-01-08,19:09:00,2019,1,8,1,1,False,2025-12-23 21:27:20.446641
865,2019-01-06,13:35:00,2019,1,6,1,6,True,2025-12-23 21:27:20.446641
866,2019-02-16,10:33:00,2019,2,16,1,5,True,2025-12-23 21:27:20.446641
867,2019-03-13,15:45:00,2019,3,13,1,2,False,2025-12-23 21:27:20.446641
868,2019-01-28,11:51:00,2019,1,28,1,0,False,2025-12-23 21:27:20.446641
869,2019-01-18,17:26:00,2019,1,18,1,4,False,2025-12-23 21:27:20.446641
870,2019-03-19,11:52:00,2019,3,19,1,1,False,2025-12-23 21:27:20.446641
871,2019-03-15,14:04:00,2019,3,15,1,4,False,2025-12-23 21:27:20.446641
872,2019-02-12,17:49:00,2019,2,12,1,1,False,2025-12-23 21:27:20.446641
873,2019-02-25,20:19:00,2019,2,25,1,0,False,2025-12-23 21:27:20.446641
874,2019-03-21,16:08:00,2019,3,21,1,3,False,2025-12-23 21:27:20.446641
875,2019-01-19,10:17:00,2019,1,19,1,5,True,2025-12-23 21:27:20.446641
876,2019-01-08,14:25:00,2019,1,8,1,1,False,2025-12-23 21:27:20.446641
877,2019-03-30,12:51:00,2019,3,30,1,5,True,2025-12-23 21:27:20.446641
878,2019-02-20,15:18:00,2019,2,20,1,2,False,2025-12-23 21:27:20.446641
879,2019-03-30,12:45:00,2019,3,30,1,5,True,2025-12-23 21:27:20.446641
880,2019-03-19,13:37:00,2019,3,19,1,1,False,2025-12-23 21:27:20.446641
881,2019-01-13,10:03:00,2019,1,13,1,6,True,2025-12-23 21:27:20.446641
882,2019-02-05,19:42:00,2019,2,5,1,1,False,2025-12-23 21:27:20.446641
883,2019-03-23,13:14:00,2019,3,23,1,5,True,2025-12-23 21:27:20.446641
884,2019-03-13,12:47:00,2019,3,13,1,2,False,2025-12-23 21:27:20.446641
885,2019-03-17,19:53:00,2019,3,17,1,6,True,2025-12-23 21:27:20.446641
886,2019-02-21,10:26:00,2019,2,21,1,3,False,2025-12-23 21:27:20.446641
887,2019-02-07,15:06:00,2019,2,7,1,3,False,2025-12-23 21:27:20.446641
888,2019-03-02,16:35:00,2019,3,2,1,5,True,2025-12-23 21:27:20.446641
889,2019-03-06,20:57:00,2019,3,6,1,2,False,2025-12-23 21:27:20.446641
890,2019-02-06,15:16:00,2019,2,6,1,2,False,2025-12-23 21:27:20.446641
891,2019-01-28,17:47:00,2019,1,28,1,0,False,2025-12-23 21:27:20.446641
892,2019-01-18,16:23:00,2019,1,18,1,4,False,2025-12-23 21:27:20.446641
893,2019-02-05,10:17:00,2019,2,5,1,1,False,2025-12-23 21:27:20.446641
894,2019-03-02,13:50:00,2019,3,2,1,5,True,2025-12-23 21:27:20.446641
895,2019-02-09,19:17:00,2019,2,9,1,5,True,2025-12-23 21:27:20.446641
896,2019-01-14,14:00:00,2019,1,14,1,0,False,2025-12-23 21:27:20.446641
897,2019-02-09,12:02:00,2019,2,9,1,5,True,2025-12-23 21:27:20.446641
898,2019-03-26,20:21:00,2019,3,26,1,1,False,2025-12-23 21:27:20.446641
899,2019-01-28,17:35:00,2019,1,28,1,0,False,2025-12-23 21:27:20.446641
900,2019-02-14,12:42:00,2019,2,14,1,3,False,2025-12-23 21:27:20.446641
901,2019-03-24,17:56:00,2019,3,24,1,6,True,2025-12-23 21:27:20.446641
902,2019-02-09,18:58:00,2019,2,9,1,5,True,2025-12-23 21:27:20.446641
903,2019-03-24,14:08:00,2019,3,24,1,6,True,2025-12-23 21:27:20.446641
904,2019-03-27,16:30:00,2019,3,27,1,2,False,2025-12-23 21:27:20.446641
905,2019-01-27,10:44:00,2019,1,27,1,6,True,2025-12-23 21:27:20.446641
906,2019-03-27,20:29:00,2019,3,27,1,2,False,2025-12-23 21:27:20.446641
907,2019-01-19,11:43:00,2019,1,19,1,5,True,2025-12-23 21:27:20.446641
908,2019-02-07,10:09:00,2019,2,7,1,3,False,2025-12-23 21:27:20.446641
909,2019-01-31,10:00:00,2019,1,31,1,3,False,2025-12-23 21:27:20.446641
910,2019-02-25,18:45:00,2019,2,25,1,0,False,2025-12-23 21:27:20.446641
911,2019-02-02,12:40:00,2019,2,2,1,5,True,2025-12-23 21:27:20.446641
912,2019-03-14,15:36:00,2019,3,14,1,3,False,2025-12-23 21:27:20.446641
913,2019-03-11,12:04:00,2019,3,11,1,0,False,2025-12-23 21:27:20.446641
914,2019-02-22,11:26:00,2019,2,22,1,4,False,2025-12-23 21:27:20.446641
915,2019-03-02,12:36:00,2019,3,2,1,5,True,2025-12-23 21:27:20.446641
916,2019-03-10,15:06:00,2019,3,10,1,6,True,2025-12-23 21:27:20.446641
917,2019-02-08,10:58:00,2019,2,8,1,4,False,2025-12-23 21:27:20.446641
918,2019-02-22,12:10:00,2019,2,22,1,4,False,2025-12-23 21:27:20.446641
919,2019-01-10,10:31:00,2019,1,10,1,3,False,2025-12-23 21:27:20.446641
920,2019-03-14,13:49:00,2019,3,14,1,3,False,2025-12-23 21:27:20.446641
921,2019-01-10,11:10:00,2019,1,10,1,3,False,2025-12-23 21:27:20.446641
922,2019-02-15,17:38:00,2019,2,15,1,4,False,2025-12-23 21:27:20.446641
923,2019-01-13,17:54:00,2019,1,13,1,6,True,2025-12-23 21:27:20.446641
924,2019-02-15,20:51:00,2019,2,15,1,4,False,2025-12-23 21:27:20.446641
925,2019-03-24,13:33:00,2019,3,24,1,6,True,2025-12-23 21:27:20.446641
926,2019-02-02,14:05:00,2019,2,2,1,5,True,2025-12-23 21:27:20.446641
927,2019-02-27,11:40:00,2019,2,27,1,2,False,2025-12-23 21:27:20.446641
928,2019-01-20,12:27:00,2019,1,20,1,6,True,2025-12-23 21:27:20.446641
929,2019-01-03,20:24:00,2019,1,3,1,3,False,2025-12-23 21:27:20.446641
930,2019-01-24,20:59:00,2019,1,24,1,3,False,2025-12-23 21:27:20.446641
931,2019-01-05,19:48:00,2019,1,5,1,5,True,2025-12-23 21:27:20.446641
932,2019-03-30,10:18:00,2019,3,30,1,5,True,2025-12-23 21:27:20.446641
933,2019-02-17,16:27:00,2019,2,17,1,6,True,2025-12-23 21:27:20.446641
934,2019-03-21,17:04:00,2019,3,21,1,3,False,2025-12-23 21:27:20.446641
935,2019-03-02,18:14:00,2019,3,2,1,5,True,2025-12-23 21:27:20.446641
936,2019-03-27,10:43:00,2019,3,27,1,2,False,2025-12-23 21:27:20.446641
937,2019-01-19,19:30:00,2019,1,19,1,5,True,2025-12-23 21:27:20.446641
938,2019-02-19,14:53:00,2019,2,19,1,1,False,2025-12-23 21:27:20.446641
939,2019-03-28,20:14:00,2019,3,28,1,3,False,2025-12-23 21:27:20.446641
940,2019-01-05,11:51:00,2019,1,5,1,5,True,2025-12-23 21:27:20.446641
941,2019-03-26,14:13:00,2019,3,26,1,1,False,2025-12-23 21:27:20.446641
942,2019-02-03,20:13:00,2019,2,3,1,6,True,2025-12-23 21:27:20.446641
943,2019-02-06,18:44:00,2019,2,6,1,2,False,2025-12-23 21:27:20.446641
944,2019-02-24,14:26:00,2019,2,24,1,6,True,2025-12-23 21:27:20.446641
945,2019-02-21,12:40:00,2019,2,21,1,3,False,2025-12-23 21:27:20.446641
946,2019-01-09,18:43:00,2019,1,9,1,2,False,2025-12-23 21:27:20.446641
947,2019-02-25,13:22:00,2019,2,25,1,0,False,2025-12-23 21:27:20.446641
948,2019-01-13,13:58:00,2019,1,13,1,6,True,2025-12-23 21:27:20.446641
949,2019-02-09,11:45:00,2019,2,9,1,5,True,2025-12-23 21:27:20.446641
950,2019-01-06,11:51:00,2019,1,6,1,6,True,2025-12-23 21:27:20.446641
951,2019-01-10,17:16:00,2019,1,10,1,3,False,2025-12-23 21:27:20.446641
952,2019-02-07,15:55:00,2019,2,7,1,3,False,2025-12-23 21:27:20.446641
953,2019-01-09,12:07:00,2019,1,9,1,2,False,2025-12-23 21:27:20.446641
954,2019-02-19,15:07:00,2019,2,19,1,1,False,2025-12-23 21:27:20.446641
955,2019-03-18,15:29:00,2019,3,18,1,0,False,2025-12-23 21:27:20.446641
956,2019-02-05,18:45:00,2019,2,5,1,1,False,2025-12-23 21:27:20.446641
957,2019-03-19,15:23:00,2019,3,19,1,1,False,2025-12-23 21:27:20.446641
958,2019-03-30,20:37:00,2019,3,30,1,5,True,2025-12-23 21:27:20.446641
959,2019-01-26,14:41:00,2019,1,26,1,5,True,2025-12-23 21:27:20.446641
960,2019-03-02,18:18:00,2019,3,2,1,5,True,2025-12-23 21:27:20.446641
961,2019-03-04,15:27:00,2019,3,4,1,0,False,2025-12-23 21:27:20.446641
962,2019-01-13,12:55:00,2019,1,13,1,6,True,2025-12-23 21:27:20.446641
963,2019-03-25,18:02:00,2019,3,25,1,0,False,2025-12-23 21:27:20.446641
964,2019-03-11,19:44:00,2019,3,11,1,0,False,2025-12-23 21:27:20.446641
965,2019-01-01,11:36:00,2019,1,1,1,1,False,2025-12-23 21:27:20.446641
966,2019-02-10,13:51:00,2019,2,10,1,6,True,2025-12-23 21:27:20.446641
967,2019-01-26,15:17:00,2019,1,26,1,5,True,2025-12-23 21:27:20.446641
968,2019-02-11,15:29:00,2019,2,11,1,0,False,2025-12-23 21:27:20.446641
969,2019-02-07,17:59:00,2019,2,7,1,3,False,2025-12-23 21:27:20.446641
970,2019-03-06,11:55:00,2019,3,6,1,2,False,2025-12-23 21:27:20.446641
971,2019-03-04,10:39:00,2019,3,4,1,0,False,2025-12-23 21:27:20.446641
972,2019-02-26,15:10:00,2019,2,26,1,1,False,2025-12-23 21:27:20.446641
973,2019-03-10,18:10:00,2019,3,10,1,6,True,2025-12-23 21:27:20.446641
974,2019-02-04,20:43:00,2019,2,4,1,0,False,2025-12-23 21:27:20.446641
975,2019-01-19,12:46:00,2019,1,19,1,5,True,2025-12-23 21:27:20.446641
976,2019-01-23,17:44:00,2019,1,23,1,2,False,2025-12-23 21:27:20.446641
977,2019-03-14,14:19:00,2019,3,14,1,3,False,2025-12-23 21:27:20.446641
978,2019-01-23,10:33:00,2019,1,23,1,2,False,2025-12-23 21:27:20.446641
979,2019-01-09,11:40:00,2019,1,9,1,2,False,2025-12-23 21:27:20.446641
980,2019-02-07,19:30:00,2019,2,7,1,3,False,2025-12-23 21:27:20.446641
981,2019-02-18,14:42:00,2019,2,18,1,0,False,2025-12-23 21:27:20.446641
982,2019-01-03,19:08:00,2019,1,3,1,3,False,2025-12-23 21:27:20.446641
983,2019-03-29,19:12:00,2019,3,29,1,4,False,2025-12-23 21:27:20.446641
984,2019-01-28,15:46:00,2019,1,28,1,0,False,2025-12-23 21:27:20.446641
985,2019-03-22,19:06:00,2019,3,22,1,4,False,2025-12-23 21:27:20.446641
986,2019-01-24,18:10:00,2019,1,24,1,3,False,2025-12-23 21:27:20.446641
987,2019-03-10,20:46:00,2019,3,10,1,6,True,2025-12-23 21:27:20.446641
988,2019-02-22,18:35:00,2019,2,22,1,4,False,2025-12-23 21:27:20.446641
989,2019-02-18,11:40:00,2019,2,18,1,0,False,2025-12-23 21:27:20.446641
990,2019-01-29,13:46:00,2019,1,29,1,1,False,2025-12-23 21:27:20.446641
991,2019-03-02,17:16:00,2019,3,2,1,5,True,2025-12-23 21:27:20.446641
992,2019-02-09,13:22:00,2019,2,9,1,5,True,2025-12-23 21:27:20.446641
993,2019-02-22,15:33:00,2019,2,22,1,4,False,2025-12-23 21:27:20.446641
994,2019-02-18,13:28:00,2019,2,18,1,0,False,2025-12-23 21:27:20.446641
