product_id,product_line,unit_price,created_at,updated_at
1,Health and beauty,74.69,2025-12-23 21:27:20.395969,2025-12-23 21:27:20.395969
2,Electronic accessories,15.28,2025-12-23 21:27:20.395969,2025-12-23 21:27:20.395969
3,Home and lifestyle,46.33,2025-12-23 21:27:20.395969,2025-12-23 21:27:20.395969
4,Health and beauty,58.22,2025-12-23 21:27:20.395969,2025-12-23 21:27:20.395969
5,Sports and travel,86.31,2025-12-23 21:27:20.395969,2025-12-23 21:27:20.395969
6,Electronic accessories,85.39,2025-12-23 21:27:20.395969,2025-12-23 21:27:20.395969
7,Electronic accessories,68.84,2025-12-23 21:27:20.395969,2025-12-23 21:27:20.395969
8,Home and lifestyle,73.56,2025-12-23 21:27:20.395969,2025-12-23 21:27:20.395969
9,Health and beauty,36.26,2025-12-23 21:27:20.395969,2025-12-23 21:27:20.395969
10,Food and beverages,54.84,2025-12-23 21:27:20.395969,2025-12-23 21:27:20.395969
11,Fashion accessories,14.48,2025-12-23 21:27:20.395969,2025-12-23 21:27:20.395969
12,Electronic accessories,25.51,2025-12-23 21:27:20.395969,2025-12-23 21:27:20.395969
13,Electronic accessories,46.95,2025-12-23 21:27:20.395969,2025-12-23 21:27:20.395969
14,Food and beverages,43.19,2025-12-23 21:27:20.395969,2025-12-23 21:27:20.395969
15,Health and beauty,71.38,2025-12-23 21:27:20.395969,2025-12-23 21:27:20.395969
16,Sports and travel,93.72,2025-12-23 21:27:20.395969,2025-12-23 21:27:20.395969
17,Health and beauty,68.93,2025-12-23 21:27:20.395969,2025-12-23 21:27:20.395969
18,Sports and travel,72.61,2025-12-23 21:27:20.395969,2025-12-23 21:27:20.395969
19,Food and beverages,54.67,2025-12-23 21:27:20.395969,2025-12-23 21:27:20.395969
20,Home and lifestyle,40.3,2025-12-23 21:27:20.395969,2025-12-23 21:27:20.395969
21,Electronic accessories,86.04,2025-12-23 21:27:20.395969,2025-12-23 21:27:20.395969
22,Health and beauty,87.98,2025-12-23 21:27:20.395969,2025-12-23 21:27:20.395969
23,Home and lifestyle,33.2,2025-12-23 21:27:20.395969,2025-12-23 21:27:20.395969
24,Electronic accessories,34.56,2025-12-23 21:27:20.395969,2025-12-23 21:27:20.395969
25,Sports and travel,88.63,2025-12-23 21:27:20.395969,2025-12-23 21:27:20.395969
26,Home and lifestyle,52.59,2025-12-23 21:27:20.395969,2025-12-23 21:27:20.395969
27,Fashion accessories,33.52,2025-12-23 21:27:20.395969,2025-12-23 21:27:20.395969
28,Fashion accessories,87.67,2025-12-23 21:27:20.395969,2025-12-23 21:27:20.395969
29,Food and beverages,88.36,2025-12-23 21:27:20.395969,2025-12-23 21:27:20.395969
30,Health and beauty,24.89,2025-12-23 21:27:20.395969,2025-12-23 21:27:20.395969
31,Fashion accessories,94.13,2025-12-23 21:27:20.395969,2025-12-23 21:27:20.395969
32,Sports and travel,78.07,2025-12-23 21:27:20.395969,2025-12-23 21:27:20.395969
33,Sports and travel,83.78,2025-12-23 21:27:20.395969,2025-12-23 21:27:20.395969
34,Health and beauty,96.58,2025-12-23 21:27:20.395969,2025-12-23 21:27:20.395969
35,Food and beverages,99.42,2025-12-23 21:27:20.395969,2025-12-23 21:27:20.395969
36,Sports and travel,68.12,2025-12-23 21:27:20.395969,2025-12-23 21:27:20.395969
37,Sports and travel,62.62,2025-12-23 21:27:20.395969,2025-12-23 21:27:20.395969
38,Electronic accessories,60.88,2025-12-23 21:27:20.395969,2025-12-23 21:27:20.395969
39,Health and beauty,54.92,2025-12-23 21:27:20.395969,2025-12-23 21:27:20.395969
40,Home and lifestyle,30.12,2025-12-23 21:27:20.395969,2025-12-23 21:27:20.395969
41,Home and lifestyle,86.72,2025-12-23 21:27:20.395969,2025-12-23 21:27:20.395969
42,Home and lifestyle,56.11,2025-12-23 21:27:20.395969,2025-12-23 21:27:20.395969
43,Sports and travel,69.12,2025-12-23 21:27:20.395969,2025-12-23 21:27:20.395969
44,Food and beverages,98.7,2025-12-23 21:27:20.395969,2025-12-23 21:27:20.395969
45,Health and beauty,15.37,2025-12-23 21:27:20.395969,2025-12-23 21:27:20.395969
46,Electronic accessories,93.96,2025-12-23 21:27:20.395969,2025-12-23 21:27:20.395969
47,Health and beauty,56.69,2025-12-23 21:27:20.395969,2025-12-23 21:27:20.395969
48,Food and beverages,20.01,2025-12-23 21:27:20.395969,2025-12-23 21:27:20.395969
49,Electronic accessories,18.93,2025-12-23 21:27:20.395969,2025-12-23 21:27:20.395969
50,Fashion accessories,82.63,2025-12-23 21:27:20.395969,2025-12-23 21:27:20.395969
51,Food and beverages,91.4,2025-12-23 21:27:20.395969,2025-12-23 21:27:20.395969
52,Food and beverages,44.59,2025-12-23 21:27:20.395969,2025-12-23 21:27:20.395969
53,Fashion accessories,17.87,2025-12-23 21:27:20.395969,2025-12-23 21:27:20.395969
54,Fashion accessories,15.43,2025-12-23 21:27:20.395969,2025-12-23 21:27:20.395969
55,Home and lifestyle,16.16,2025-12-23 21:27:20.395969,2025-12-23 21:27:20.395969
56,Electronic accessories,85.98,2025-12-23 21:27:20.395969,2025-12-23 21:27:20.395969
57,Home and lifestyle,44.34,2025-12-23 21:27:20.395969,2025-12-23 21:27:20.395969
58,Health and beauty,89.6,2025-12-23 21:27:20.395969,2025-12-23 21:27:20.395969
59,Home and lifestyle,72.35,2025-12-23 21:27:20.395969,2025-12-23 21:27:20.395969
60,Electronic accessories,30.61,2025-12-23 21:27:20.395969,2025-12-23 21:27:20.395969
61,Sports and travel,24.74,2025-12-23 21:27:20.395969,2025-12-23 21:27:20.395969
62,Home and lifestyle,55.73,2025-12-23 21:27:20.395969,2025-12-23 21:27:20.395969
63,Sports and travel,55.07,2025-12-23 21:27:20.395969,2025-12-23 21:27:20.395969
64,Sports and travel,15.81,2025-12-23 21:27:20.395969,2025-12-23 21:27:20.395969
65,Health and beauty,75.74,2025-12-23 21:27:20.395969,2025-12-23 21:27:20.395969
66,Health and beauty,15.87,2025-12-23 21:27:20.395969,2025-12-23 21:27:20.395969
67,Health and beauty,33.47,2025-12-23 21:27:20.395969,2025-12-23 21:27:20.395969
68,Fashion accessories,97.61,2025-12-23 21:27:20.395969,2025-12-23 21:27:20.395969
69,Sports and travel,78.77,2025-12-23 21:27:20.395969,2025-12-23 21:27:20.395969
70,Health and beauty,18.33,2025-12-23 21:27:20.395969,2025-12-23 21:27:20.395969
71,Food and beverages,89.48,2025-12-23 21:27:20.395969,2025-12-23 21:27:20.395969
72,Fashion accessories,62.12,2025-12-23 21:27:20.395969,2025-12-23 21:27:20.395969
73,Food and beverages,48.52,2025-12-23 21:27:20.395969,2025-12-23 21:27:20.395969
74,Electronic accessories,75.91,2025-12-23 21:27:20.395969,2025-12-23 21:27:20.395969
75,Home and lifestyle,74.67,2025-12-23 21:27:20.395969,2025-12-23 21:27:20.395969
76,Electronic accessories,41.65,2025-12-23 21:27:20.395969,2025-12-23 21:27:20.395969
77,Fashion accessories,49.04,2025-12-23 21:27:20.395969,2025-12-23 21:27:20.395969
78,Fashion accessories,20.01,2025-12-23 21:27:20.395969,2025-12-23 21:27:20.395969
79,Food and beverages,78.31,2025-12-23 21:27:20.395969,2025-12-23 21:27:20.395969
80,Health and beauty,20.38,2025-12-23 21:27:20.395969,2025-12-23 21:27:20.395969
81,Health and beauty,99.19,2025-12-23 21:27:20.395969,2025-12-23 21:27:20.395969
82,Food and beverages,96.68,2025-12-23 21:27:20.395969,2025-12-23 21:27:20.395969
83,Food and beverages,19.25,2025-12-23 21:27:20.395969,2025-12-23 21:27:20.395969
84,Food and beverages,80.36,2025-12-23 21:27:20.395969,2025-12-23 21:27:20.395969
85,Sports and travel,48.91,2025-12-23 21:27:20.395969,2025-12-23 21:27:20.395969
86,Sports and travel,83.06,2025-12-23 21:27:20.395969,2025-12-23 21:27:20.395969
87,Fashion accessories,76.52,2025-12-23 21:27:20.395969,2025-12-23 21:27:20.395969
88,Food and beverages,49.38,2025-12-23 21:27:20.395969,2025-12-23 21:27:20.395969
89,Sports and travel,42.47,2025-12-23 21:27:20.395969,2025-12-23 21:27:20.395969
90,Health and beauty,76.99,2025-12-23 21:27:20.395969,2025-12-23 21:27:20.395969
91,Home and lifestyle,47.38,2025-12-23 21:27:20.395969,2025-12-23 21:27:20.395969
92,Sports and travel,44.86,2025-12-23 21:27:20.395969,2025-12-23 21:27:20.395969
93,Sports and travel,21.98,2025-12-23 21:27:20.395969,2025-12-23 21:27:20.395969
94,Health and beauty,64.36,2025-12-23 21:27:20.395969,2025-12-23 21:27:20.395969
95,Health and beauty,89.75,2025-12-23 21:27:20.395969,2025-12-23 21:27:20.395969
96,Electronic accessories,97.16,2025-12-23 21:27:20.395969,2025-12-23 21:27:20.395969
97,Health and beauty,87.87,2025-12-23 21:27:20.395969,2025-12-23 21:27:20.395969
98,Electronic accessories,12.45,2025-12-23 21:27:20.395969,2025-12-23 21:27:20.395969
99,Food and beverages,52.75,2025-12-23 21:27:20.395969,2025-12-23 21:27:20.395969
100,Home and lifestyle,82.7,2025-12-23 21:27:20.395969,2025-12-23 21:27:20.395969
101,Fashion accessories,48.71,2025-12-23 21:27:20.395969,2025-12-23 21:27:20.395969
102,Fashion accessories,78.55,2025-12-23 21:27:20.395969,2025-12-23 21:27:20.395969
103,Electronic accessories,23.07,2025-12-23 21:27:20.395969,2025-12-23 21:27:20.395969
104,Food and beverages,58.26,2025-12-23 21:27:20.395969,2025-12-23 21:27:20.395969
105,Health and beauty,30.35,2025-12-23 21:27:20.395969,2025-12-23 21:27:20.395969
106,Electronic accessories,88.67,2025-12-23 21:27:20.395969,2025-12-23 21:27:20.395969
107,Fashion accessories,27.38,2025-12-23 21:27:20.395969,2025-12-23 21:27:20.395969
108,Sports and travel,62.13,2025-12-23 21:27:20.395969,2025-12-23 21:27:20.395969
109,Food and beverages,33.98,2025-12-23 21:27:20.395969,2025-12-23 21:27:20.395969
110,Electronic accessories,81.97,2025-12-23 21:27:20.395969,2025-12-23 21:27:20.395969
111,Sports and travel,16.49,2025-12-23 21:27:20.395969,2025-12-23 21:27:20.395969
112,Health and beauty,98.21,2025-12-23 21:27:20.395969,2025-12-23 21:27:20.395969
113,Fashion accessories,72.84,2025-12-23 21:27:20.395969,2025-12-23 21:27:20.395969
114,Home and lifestyle,58.07,2025-12-23 21:27:20.395969,2025-12-23 21:27:20.395969
115,Home and lifestyle,80.79,2025-12-23 21:27:20.395969,2025-12-23 21:27:20.395969
116,Fashion accessories,27.02,2025-12-23 21:27:20.395969,2025-12-23 21:27:20.395969
117,Fashion accessories,21.94,2025-12-23 21:27:20.395969,2025-12-23 21:27:20.395969
118,Fashion accessories,51.36,2025-12-23 21:27:20.395969,2025-12-23 21:27:20.395969
119,Food and beverages,10.96,2025-12-23 21:27:20.395969,2025-12-23 21:27:20.395969
120,Home and lifestyle,53.44,2025-12-23 21:27:20.395969,2025-12-23 21:27:20.395969
121,Electronic accessories,99.56,2025-12-23 21:27:20.395969,2025-12-23 21:27:20.395969
122,Sports and travel,57.12,2025-12-23 21:27:20.395969,2025-12-23 21:27:20.395969
123,Sports and travel,99.96,2025-12-23 21:27:20.395969,2025-12-23 21:27:20.395969
124,Home and lifestyle,63.91,2025-12-23 21:27:20.395969,2025-12-23 21:27:20.395969
125,Fashion accessories,56.47,2025-12-23 21:27:20.395969,2025-12-23 21:27:20.395969
126,Home and lifestyle,93.69,2025-12-23 21:27:20.395969,2025-12-23 21:27:20.395969
127,Sports and travel,32.25,2025-12-23 21:27:20.395969,2025-12-23 21:27:20.395969
128,Fashion accessories,31.73,2025-12-23 21:27:20.395969,2025-12-23 21:27:20.395969
129,Food and beverages,68.54,2025-12-23 21:27:20.395969,2025-12-23 21:27:20.395969
130,Sports and travel,90.28,2025-12-23 21:27:20.395969,2025-12-23 21:27:20.395969
131,Fashion accessories,39.62,2025-12-23 21:27:20.395969,2025-12-23 21:27:20.395969
132,Sports and travel,92.13,2025-12-23 21:27:20.395969,2025-12-23 21:27:20.395969
133,Sports and travel,34.84,2025-12-23 21:27:20.395969,2025-12-23 21:27:20.395969
134,Electronic accessories,87.45,2025-12-23 21:27:20.395969,2025-12-23 21:27:20.395969
135,Health and beauty,81.3,2025-12-23 21:27:20.395969,2025-12-23 21:27:20.395969
136,Fashion accessories,90.22,2025-12-23 21:27:20.395969,2025-12-23 21:27:20.395969
137,Electronic accessories,26.31,2025-12-23 21:27:20.395969,2025-12-23 21:27:20.395969
138,Home and lifestyle,34.42,2025-12-23 21:27:20.395969,2025-12-23 21:27:20.395969
139,Sports and travel,51.91,2025-12-23 21:27:20.395969,2025-12-23 21:27:20.395969
140,Sports and travel,72.5,2025-12-23 21:27:20.395969,2025-12-23 21:27:20.395969
141,Sports and travel,89.8,2025-12-23 21:27:20.395969,2025-12-23 21:27:20.395969
142,Health and beauty,90.5,2025-12-23 21:27:20.395969,2025-12-23 21:27:20.395969
143,Health and beauty,68.6,2025-12-23 21:27:20.395969,2025-12-23 21:27:20.395969
144,Food and beverages,30.41,2025-12-23 21:27:20.395969,2025-12-23 21:27:20.395969
145,Home and lifestyle,77.95,2025-12-23 21:27:20.395969,2025-12-23 21:27:20.395969
146,Health and beauty,46.26,2025-12-23 21:27:20.395969,2025-12-23 21:27:20.395969
147,Fashion accessories,30.14,2025-12-23 21:27:20.395969,2025-12-23 21:27:20.395969
148,Health and beauty,66.14,2025-12-23 21:27:20.395969,2025-12-23 21:27:20.395969
149,Home and lifestyle,71.86,2025-12-23 21:27:20.395969,2025-12-23 21:27:20.395969
150,Health and beauty,32.46,2025-12-23 21:27:20.395969,2025-12-23 21:27:20.395969
151,Fashion accessories,91.54,2025-12-23 21:27:20.395969,2025-12-23 21:27:20.395969
152,Sports and travel,34.56,2025-12-23 21:27:20.395969,2025-12-23 21:27:20.395969
153,Fashion accessories,83.24,2025-12-23 21:27:20.395969,2025-12-23 21:27:20.395969
154,Food and beverages,16.48,2025-12-23 21:27:20.395969,2025-12-23 21:27:20.395969
155,Sports and travel,80.97,2025-12-23 21:27:20.395969,2025-12-23 21:27:20.395969
156,Food and beverages,92.29,2025-12-23 21:27:20.395969,2025-12-23 21:27:20.395969
157,Electronic accessories,72.17,2025-12-23 21:27:20.395969,2025-12-23 21:27:20.395969
158,Home and lifestyle,50.28,2025-12-23 21:27:20.395969,2025-12-23 21:27:20.395969
159,Health and beauty,97.22,2025-12-23 21:27:20.395969,2025-12-23 21:27:20.395969
160,Sports and travel,93.39,2025-12-23 21:27:20.395969,2025-12-23 21:27:20.395969
161,Food and beverages,43.18,2025-12-23 21:27:20.395969,2025-12-23 21:27:20.395969
162,Sports and travel,63.69,2025-12-23 21:27:20.395969,2025-12-23 21:27:20.395969
163,Food and beverages,45.79,2025-12-23 21:27:20.395969,2025-12-23 21:27:20.395969
164,Sports and travel,76.4,2025-12-23 21:27:20.395969,2025-12-23 21:27:20.395969
165,Food and beverages,39.9,2025-12-23 21:27:20.395969,2025-12-23 21:27:20.395969
166,Health and beauty,42.57,2025-12-23 21:27:20.395969,2025-12-23 21:27:20.395969
167,Home and lifestyle,95.58,2025-12-23 21:27:20.395969,2025-12-23 21:27:20.395969
168,Fashion accessories,98.98,2025-12-23 21:27:20.395969,2025-12-23 21:27:20.395969
169,Food and beverages,51.28,2025-12-23 21:27:20.395969,2025-12-23 21:27:20.395969
170,Sports and travel,69.52,2025-12-23 21:27:20.395969,2025-12-23 21:27:20.395969
171,Health and beauty,70.01,2025-12-23 21:27:20.395969,2025-12-23 21:27:20.395969
172,Food and beverages,80.05,2025-12-23 21:27:20.395969,2025-12-23 21:27:20.395969
173,Electronic accessories,20.85,2025-12-23 21:27:20.395969,2025-12-23 21:27:20.395969
174,Electronic accessories,52.89,2025-12-23 21:27:20.395969,2025-12-23 21:27:20.395969
175,Food and beverages,19.79,2025-12-23 21:27:20.395969,2025-12-23 21:27:20.395969
176,Home and lifestyle,33.84,2025-12-23 21:27:20.395969,2025-12-23 21:27:20.395969
177,Food and beverages,22.17,2025-12-23 21:27:20.395969,2025-12-23 21:27:20.395969
178,Fashion accessories,22.51,2025-12-23 21:27:20.395969,2025-12-23 21:27:20.395969
179,Food and beverages,73.88,2025-12-23 21:27:20.395969,2025-12-23 21:27:20.395969
180,Health and beauty,86.8,2025-12-23 21:27:20.395969,2025-12-23 21:27:20.395969
181,Fashion accessories,64.26,2025-12-23 21:27:20.395969,2025-12-23 21:27:20.395969
182,Food and beverages,38.47,2025-12-23 21:27:20.395969,2025-12-23 21:27:20.395969
183,Sports and travel,15.5,2025-12-23 21:27:20.395969,2025-12-23 21:27:20.395969
184,Health and beauty,34.31,2025-12-23 21:27:20.395969,2025-12-23 21:27:20.395969
185,Sports and travel,12.34,2025-12-23 21:27:20.395969,2025-12-23 21:27:20.395969
186,Food and beverages,18.08,2025-12-23 21:27:20.395969,2025-12-23 21:27:20.395969
187,Home and lifestyle,94.49,2025-12-23 21:27:20.395969,2025-12-23 21:27:20.395969
188,Home and lifestyle,46.47,2025-12-23 21:27:20.395969,2025-12-23 21:27:20.395969
189,Home and lifestyle,74.07,2025-12-23 21:27:20.395969,2025-12-23 21:27:20.395969
190,Home and lifestyle,69.81,2025-12-23 21:27:20.395969,2025-12-23 21:27:20.395969
191,Home and lifestyle,77.04,2025-12-23 21:27:20.395969,2025-12-23 21:27:20.395969
192,Fashion accessories,73.52,2025-12-23 21:27:20.395969,2025-12-23 21:27:20.395969
193,Food and beverages,87.8,2025-12-23 21:27:20.395969,2025-12-23 21:27:20.395969
194,Home and lifestyle,25.55,2025-12-23 21:27:20.395969,2025-12-23 21:27:20.395969
195,Electronic accessories,32.71,2025-12-23 21:27:20.395969,2025-12-23 21:27:20.395969
196,Fashion accessories,74.29,2025-12-23 21:27:20.395969,2025-12-23 21:27:20.395969
197,Health and beauty,43.7,2025-12-23 21:27:20.395969,2025-12-23 21:27:20.395969
198,Home and lifestyle,25.29,2025-12-23 21:27:20.395969,2025-12-23 21:27:20.395969
199,Health and beauty,41.5,2025-12-23 21:27:20.395969,2025-12-23 21:27:20.395969
200,Food and beverages,71.39,2025-12-23 21:27:20.395969,2025-12-23 21:27:20.395969
201,Sports and travel,19.15,2025-12-23 21:27:20.395969,2025-12-23 21:27:20.395969
202,Electronic accessories,57.49,2025-12-23 21:27:20.395969,2025-12-23 21:27:20.395969
203,Electronic accessories,61.41,2025-12-23 21:27:20.395969,2025-12-23 21:27:20.395969
204,Health and beauty,25.9,2025-12-23 21:27:20.395969,2025-12-23 21:27:20.395969
205,Home and lifestyle,17.77,2025-12-23 21:27:20.395969,2025-12-23 21:27:20.395969
206,Health and beauty,23.03,2025-12-23 21:27:20.395969,2025-12-23 21:27:20.395969
207,Electronic accessories,66.65,2025-12-23 21:27:20.395969,2025-12-23 21:27:20.395969
208,Home and lifestyle,28.53,2025-12-23 21:27:20.395969,2025-12-23 21:27:20.395969
209,Fashion accessories,30.37,2025-12-23 21:27:20.395969,2025-12-23 21:27:20.395969
210,Electronic accessories,99.73,2025-12-23 21:27:20.395969,2025-12-23 21:27:20.395969
211,Electronic accessories,26.23,2025-12-23 21:27:20.395969,2025-12-23 21:27:20.395969
212,Food and beverages,93.26,2025-12-23 21:27:20.395969,2025-12-23 21:27:20.395969
213,Home and lifestyle,92.36,2025-12-23 21:27:20.395969,2025-12-23 21:27:20.395969
214,Sports and travel,46.42,2025-12-23 21:27:20.395969,2025-12-23 21:27:20.395969
215,Sports and travel,29.61,2025-12-23 21:27:20.395969,2025-12-23 21:27:20.395969
216,Home and lifestyle,18.28,2025-12-23 21:27:20.395969,2025-12-23 21:27:20.395969
217,Sports and travel,24.77,2025-12-23 21:27:20.395969,2025-12-23 21:27:20.395969
218,Electronic accessories,94.64,2025-12-23 21:27:20.395969,2025-12-23 21:27:20.395969
219,Fashion accessories,94.87,2025-12-23 21:27:20.395969,2025-12-23 21:27:20.395969
220,Food and beverages,57.34,2025-12-23 21:27:20.395969,2025-12-23 21:27:20.395969
221,Electronic accessories,45.35,2025-12-23 21:27:20.395969,2025-12-23 21:27:20.395969
222,Food and beverages,62.08,2025-12-23 21:27:20.395969,2025-12-23 21:27:20.395969
223,Electronic accessories,11.81,2025-12-23 21:27:20.395969,2025-12-23 21:27:20.395969
224,Fashion accessories,12.54,2025-12-23 21:27:20.395969,2025-12-23 21:27:20.395969
225,Food and beverages,43.25,2025-12-23 21:27:20.395969,2025-12-23 21:27:20.395969
226,Sports and travel,87.16,2025-12-23 21:27:20.395969,2025-12-23 21:27:20.395969
227,Health and beauty,69.37,2025-12-23 21:27:20.395969,2025-12-23 21:27:20.395969
228,Electronic accessories,37.06,2025-12-23 21:27:20.395969,2025-12-23 21:27:20.395969
229,Electronic accessories,90.7,2025-12-23 21:27:20.395969,2025-12-23 21:27:20.395969
230,Home and lifestyle,63.42,2025-12-23 21:27:20.395969,2025-12-23 21:27:20.395969
231,Fashion accessories,81.37,2025-12-23 21:27:20.395969,2025-12-23 21:27:20.395969
232,Electronic accessories,10.59,2025-12-23 21:27:20.395969,2025-12-23 21:27:20.395969
233,Health and beauty,84.09,2025-12-23 21:27:20.395969,2025-12-23 21:27:20.395969
234,Fashion accessories,73.82,2025-12-23 21:27:20.395969,2025-12-23 21:27:20.395969
235,Health and beauty,51.94,2025-12-23 21:27:20.395969,2025-12-23 21:27:20.395969
236,Sports and travel,93.14,2025-12-23 21:27:20.395969,2025-12-23 21:27:20.395969
237,Health and beauty,17.41,2025-12-23 21:27:20.395969,2025-12-23 21:27:20.395969
238,Fashion accessories,44.22,2025-12-23 21:27:20.395969,2025-12-23 21:27:20.395969
239,Electronic accessories,13.22,2025-12-23 21:27:20.395969,2025-12-23 21:27:20.395969
240,Fashion accessories,89.69,2025-12-23 21:27:20.395969,2025-12-23 21:27:20.395969
241,Food and beverages,24.94,2025-12-23 21:27:20.395969,2025-12-23 21:27:20.395969
242,Health and beauty,59.77,2025-12-23 21:27:20.395969,2025-12-23 21:27:20.395969
243,Fashion accessories,93.2,2025-12-23 21:27:20.395969,2025-12-23 21:27:20.395969
244,Home and lifestyle,62.65,2025-12-23 21:27:20.395969,2025-12-23 21:27:20.395969
245,Home and lifestyle,93.87,2025-12-23 21:27:20.395969,2025-12-23 21:27:20.395969
246,Home and lifestyle,47.59,2025-12-23 21:27:20.395969,2025-12-23 21:27:20.395969
247,Electronic accessories,81.4,2025-12-23 21:27:20.395969,2025-12-23 21:27:20.395969
248,Fashion accessories,17.94,2025-12-23 21:27:20.395969,2025-12-23 21:27:20.395969
249,Electronic accessories,77.72,2025-12-23 21:27:20.395969,2025-12-23 21:27:20.395969
250,Food and beverages,73.06,2025-12-23 21:27:20.395969,2025-12-23 21:27:20.395969
251,Food and beverages,46.55,2025-12-23 21:27:20.395969,2025-12-23 21:27:20.395969
252,Fashion accessories,35.19,2025-12-23 21:27:20.395969,2025-12-23 21:27:20.395969
253,Sports and travel,14.39,2025-12-23 21:27:20.395969,2025-12-23 21:27:20.395969
254,Home and lifestyle,23.75,2025-12-23 21:27:20.395969,2025-12-23 21:27:20.395969
255,Home and lifestyle,58.9,2025-12-23 21:27:20.395969,2025-12-23 21:27:20.395969
256,Fashion accessories,32.62,2025-12-23 21:27:20.395969,2025-12-23 21:27:20.395969
257,Electronic accessories,66.35,2025-12-23 21:27:20.395969,2025-12-23 21:27:20.395969
258,Home and lifestyle,25.91,2025-12-23 21:27:20.395969,2025-12-23 21:27:20.395969
259,Electronic accessories,32.25,2025-12-23 21:27:20.395969,2025-12-23 21:27:20.395969
260,Electronic accessories,65.94,2025-12-23 21:27:20.395969,2025-12-23 21:27:20.395969
261,Electronic accessories,75.06,2025-12-23 21:27:20.395969,2025-12-23 21:27:20.395969
262,Fashion accessories,16.45,2025-12-23 21:27:20.395969,2025-12-23 21:27:20.395969
263,Fashion accessories,38.3,2025-12-23 21:27:20.395969,2025-12-23 21:27:20.395969
264,Sports and travel,22.24,2025-12-23 21:27:20.395969,2025-12-23 21:27:20.395969
265,Sports and travel,54.45,2025-12-23 21:27:20.395969,2025-12-23 21:27:20.395969
266,Sports and travel,98.4,2025-12-23 21:27:20.395969,2025-12-23 21:27:20.395969
267,Home and lifestyle,35.47,2025-12-23 21:27:20.395969,2025-12-23 21:27:20.395969
268,Food and beverages,74.6,2025-12-23 21:27:20.395969,2025-12-23 21:27:20.395969
269,Home and lifestyle,70.74,2025-12-23 21:27:20.395969,2025-12-23 21:27:20.395969
270,Home and lifestyle,35.54,2025-12-23 21:27:20.395969,2025-12-23 21:27:20.395969
271,Sports and travel,67.43,2025-12-23 21:27:20.395969,2025-12-23 21:27:20.395969
272,Health and beauty,21.12,2025-12-23 21:27:20.395969,2025-12-23 21:27:20.395969
273,Home and lifestyle,21.54,2025-12-23 21:27:20.395969,2025-12-23 21:27:20.395969
274,Home and lifestyle,12.03,2025-12-23 21:27:20.395969,2025-12-23 21:27:20.395969
275,Health and beauty,99.71,2025-12-23 21:27:20.395969,2025-12-23 21:27:20.395969
276,Fashion accessories,47.97,2025-12-23 21:27:20.395969,2025-12-23 21:27:20.395969
277,Home and lifestyle,21.82,2025-12-23 21:27:20.395969,2025-12-23 21:27:20.395969
278,Fashion accessories,95.42,2025-12-23 21:27:20.395969,2025-12-23 21:27:20.395969
279,Fashion accessories,70.99,2025-12-23 21:27:20.395969,2025-12-23 21:27:20.395969
280,Sports and travel,44.02,2025-12-23 21:27:20.395969,2025-12-23 21:27:20.395969
281,Home and lifestyle,69.96,2025-12-23 21:27:20.395969,2025-12-23 21:27:20.395969
282,Home and lifestyle,37.0,2025-12-23 21:27:20.395969,2025-12-23 21:27:20.395969
283,Sports and travel,15.34,2025-12-23 21:27:20.395969,2025-12-23 21:27:20.395969
284,Health and beauty,99.83,2025-12-23 21:27:20.395969,2025-12-23 21:27:20.395969
285,Health and beauty,47.67,2025-12-23 21:27:20.395969,2025-12-23 21:27:20.395969
286,Health and beauty,66.68,2025-12-23 21:27:20.395969,2025-12-23 21:27:20.395969
287,Home and lifestyle,74.86,2025-12-23 21:27:20.395969,2025-12-23 21:27:20.395969
288,Sports and travel,23.75,2025-12-23 21:27:20.395969,2025-12-23 21:27:20.395969
289,Food and beverages,48.51,2025-12-23 21:27:20.395969,2025-12-23 21:27:20.395969
290,Home and lifestyle,94.88,2025-12-23 21:27:20.395969,2025-12-23 21:27:20.395969
291,Electronic accessories,40.3,2025-12-23 21:27:20.395969,2025-12-23 21:27:20.395969
292,Electronic accessories,27.85,2025-12-23 21:27:20.395969,2025-12-23 21:27:20.395969
293,Electronic accessories,62.48,2025-12-23 21:27:20.395969,2025-12-23 21:27:20.395969
294,Food and beverages,36.36,2025-12-23 21:27:20.395969,2025-12-23 21:27:20.395969
295,Health and beauty,18.11,2025-12-23 21:27:20.395969,2025-12-23 21:27:20.395969
296,Electronic accessories,51.92,2025-12-23 21:27:20.395969,2025-12-23 21:27:20.395969
297,Electronic accessories,28.84,2025-12-23 21:27:20.395969,2025-12-23 21:27:20.395969
298,Home and lifestyle,78.38,2025-12-23 21:27:20.395969,2025-12-23 21:27:20.395969
299,Home and lifestyle,60.01,2025-12-23 21:27:20.395969,2025-12-23 21:27:20.395969
300,Home and lifestyle,88.61,2025-12-23 21:27:20.395969,2025-12-23 21:27:20.395969
301,Fashion accessories,99.82,2025-12-23 21:27:20.395969,2025-12-23 21:27:20.395969
302,Health and beauty,39.01,2025-12-23 21:27:20.395969,2025-12-23 21:27:20.395969
303,Food and beverages,48.61,2025-12-23 21:27:20.395969,2025-12-23 21:27:20.395969
304,Electronic accessories,51.19,2025-12-23 21:27:20.395969,2025-12-23 21:27:20.395969
305,Electronic accessories,14.96,2025-12-23 21:27:20.395969,2025-12-23 21:27:20.395969
306,Electronic accessories,72.2,2025-12-23 21:27:20.395969,2025-12-23 21:27:20.395969
307,Sports and travel,40.23,2025-12-23 21:27:20.395969,2025-12-23 21:27:20.395969
308,Home and lifestyle,88.79,2025-12-23 21:27:20.395969,2025-12-23 21:27:20.395969
309,Electronic accessories,26.48,2025-12-23 21:27:20.395969,2025-12-23 21:27:20.395969
310,Fashion accessories,81.91,2025-12-23 21:27:20.395969,2025-12-23 21:27:20.395969
311,Sports and travel,79.93,2025-12-23 21:27:20.395969,2025-12-23 21:27:20.395969
312,Fashion accessories,69.33,2025-12-23 21:27:20.395969,2025-12-23 21:27:20.395969
313,Food and beverages,14.23,2025-12-23 21:27:20.395969,2025-12-23 21:27:20.395969
314,Health and beauty,15.55,2025-12-23 21:27:20.395969,2025-12-23 21:27:20.395969
315,Electronic accessories,78.13,2025-12-23 21:27:20.395969,2025-12-23 21:27:20.395969
316,Food and beverages,99.37,2025-12-23 21:27:20.395969,2025-12-23 21:27:20.395969
317,Food and beverages,21.08,2025-12-23 21:27:20.395969,2025-12-23 21:27:20.395969
318,Electronic accessories,74.79,2025-12-23 21:27:20.395969,2025-12-23 21:27:20.395969
319,Health and beauty,29.67,2025-12-23 21:27:20.395969,2025-12-23 21:27:20.395969
320,Health and beauty,44.07,2025-12-23 21:27:20.395969,2025-12-23 21:27:20.395969
321,Food and beverages,22.93,2025-12-23 21:27:20.395969,2025-12-23 21:27:20.395969
322,Health and beauty,39.42,2025-12-23 21:27:20.395969,2025-12-23 21:27:20.395969
323,Health and beauty,15.26,2025-12-23 21:27:20.395969,2025-12-23 21:27:20.395969
324,Fashion accessories,61.77,2025-12-23 21:27:20.395969,2025-12-23 21:27:20.395969
325,Home and lifestyle,21.52,2025-12-23 21:27:20.395969,2025-12-23 21:27:20.395969
326,Sports and travel,97.74,2025-12-23 21:27:20.395969,2025-12-23 21:27:20.395969
327,Food and beverages,99.78,2025-12-23 21:27:20.395969,2025-12-23 21:27:20.395969
328,Food and beverages,94.26,2025-12-23 21:27:20.395969,2025-12-23 21:27:20.395969
329,Health and beauty,51.13,2025-12-23 21:27:20.395969,2025-12-23 21:27:20.395969
330,Electronic accessories,36.36,2025-12-23 21:27:20.395969,2025-12-23 21:27:20.395969
331,Home and lifestyle,22.02,2025-12-23 21:27:20.395969,2025-12-23 21:27:20.395969
332,Food and beverages,32.9,2025-12-23 21:27:20.395969,2025-12-23 21:27:20.395969
333,Fashion accessories,77.02,2025-12-23 21:27:20.395969,2025-12-23 21:27:20.395969
334,Food and beverages,23.48,2025-12-23 21:27:20.395969,2025-12-23 21:27:20.395969
335,Sports and travel,14.7,2025-12-23 21:27:20.395969,2025-12-23 21:27:20.395969
336,Electronic accessories,28.45,2025-12-23 21:27:20.395969,2025-12-23 21:27:20.395969
337,Fashion accessories,76.4,2025-12-23 21:27:20.395969,2025-12-23 21:27:20.395969
338,Sports and travel,57.95,2025-12-23 21:27:20.395969,2025-12-23 21:27:20.395969
339,Electronic accessories,47.65,2025-12-23 21:27:20.395969,2025-12-23 21:27:20.395969
340,Food and beverages,42.82,2025-12-23 21:27:20.395969,2025-12-23 21:27:20.395969
341,Electronic accessories,48.09,2025-12-23 21:27:20.395969,2025-12-23 21:27:20.395969
342,Health and beauty,55.97,2025-12-23 21:27:20.395969,2025-12-23 21:27:20.395969
343,Health and beauty,76.9,2025-12-23 21:27:20.395969,2025-12-23 21:27:20.395969
344,Food and beverages,97.03,2025-12-23 21:27:20.395969,2025-12-23 21:27:20.395969
345,Sports and travel,44.65,2025-12-23 21:27:20.395969,2025-12-23 21:27:20.395969
346,Fashion accessories,77.93,2025-12-23 21:27:20.395969,2025-12-23 21:27:20.395969
347,Electronic accessories,71.95,2025-12-23 21:27:20.395969,2025-12-23 21:27:20.395969
348,Home and lifestyle,89.25,2025-12-23 21:27:20.395969,2025-12-23 21:27:20.395969
349,Electronic accessories,26.02,2025-12-23 21:27:20.395969,2025-12-23 21:27:20.395969
350,Health and beauty,13.5,2025-12-23 21:27:20.395969,2025-12-23 21:27:20.395969
351,Fashion accessories,99.3,2025-12-23 21:27:20.395969,2025-12-23 21:27:20.395969
352,Electronic accessories,51.69,2025-12-23 21:27:20.395969,2025-12-23 21:27:20.395969
353,Fashion accessories,54.73,2025-12-23 21:27:20.395969,2025-12-23 21:27:20.395969
354,Home and lifestyle,27.0,2025-12-23 21:27:20.395969,2025-12-23 21:27:20.395969
355,Electronic accessories,30.24,2025-12-23 21:27:20.395969,2025-12-23 21:27:20.395969
356,Food and beverages,89.14,2025-12-23 21:27:20.395969,2025-12-23 21:27:20.395969
357,Fashion accessories,37.55,2025-12-23 21:27:20.395969,2025-12-23 21:27:20.395969
358,Sports and travel,95.44,2025-12-23 21:27:20.395969,2025-12-23 21:27:20.395969
359,Electronic accessories,27.5,2025-12-23 21:27:20.395969,2025-12-23 21:27:20.395969
360,Sports and travel,74.97,2025-12-23 21:27:20.395969,2025-12-23 21:27:20.395969
361,Food and beverages,80.96,2025-12-23 21:27:20.395969,2025-12-23 21:27:20.395969
362,Food and beverages,94.47,2025-12-23 21:27:20.395969,2025-12-23 21:27:20.395969
363,Food and beverages,99.79,2025-12-23 21:27:20.395969,2025-12-23 21:27:20.395969
364,Home and lifestyle,73.22,2025-12-23 21:27:20.395969,2025-12-23 21:27:20.395969
365,Food and beverages,41.24,2025-12-23 21:27:20.395969,2025-12-23 21:27:20.395969
366,Fashion accessories,81.68,2025-12-23 21:27:20.395969,2025-12-23 21:27:20.395969
367,Electronic accessories,51.32,2025-12-23 21:27:20.395969,2025-12-23 21:27:20.395969
368,Home and lifestyle,65.94,2025-12-23 21:27:20.395969,2025-12-23 21:27:20.395969
369,Sports and travel,14.36,2025-12-23 21:27:20.395969,2025-12-23 21:27:20.395969
370,Electronic accessories,21.5,2025-12-23 21:27:20.395969,2025-12-23 21:27:20.395969
371,Electronic accessories,26.26,2025-12-23 21:27:20.395969,2025-12-23 21:27:20.395969
372,Fashion accessories,60.96,2025-12-23 21:27:20.395969,2025-12-23 21:27:20.395969
373,Home and lifestyle,70.11,2025-12-23 21:27:20.395969,2025-12-23 21:27:20.395969
374,Fashion accessories,42.08,2025-12-23 21:27:20.395969,2025-12-23 21:27:20.395969
375,Home and lifestyle,67.09,2025-12-23 21:27:20.395969,2025-12-23 21:27:20.395969
376,Fashion accessories,96.7,2025-12-23 21:27:20.395969,2025-12-23 21:27:20.395969
377,Home and lifestyle,35.38,2025-12-23 21:27:20.395969,2025-12-23 21:27:20.395969
378,Sports and travel,95.49,2025-12-23 21:27:20.395969,2025-12-23 21:27:20.395969
379,Fashion accessories,96.98,2025-12-23 21:27:20.395969,2025-12-23 21:27:20.395969
380,Electronic accessories,23.65,2025-12-23 21:27:20.395969,2025-12-23 21:27:20.395969
381,Sports and travel,82.33,2025-12-23 21:27:20.395969,2025-12-23 21:27:20.395969
382,Electronic accessories,26.61,2025-12-23 21:27:20.395969,2025-12-23 21:27:20.395969
383,Food and beverages,99.69,2025-12-23 21:27:20.395969,2025-12-23 21:27:20.395969
384,Food and beverages,74.89,2025-12-23 21:27:20.395969,2025-12-23 21:27:20.395969
385,Food and beverages,40.94,2025-12-23 21:27:20.395969,2025-12-23 21:27:20.395969
386,Sports and travel,75.82,2025-12-23 21:27:20.395969,2025-12-23 21:27:20.395969
387,Food and beverages,46.77,2025-12-23 21:27:20.395969,2025-12-23 21:27:20.395969
388,Health and beauty,32.32,2025-12-23 21:27:20.395969,2025-12-23 21:27:20.395969
389,Fashion accessories,54.07,2025-12-23 21:27:20.395969,2025-12-23 21:27:20.395969
390,Food and beverages,18.22,2025-12-23 21:27:20.395969,2025-12-23 21:27:20.395969
391,Fashion accessories,80.48,2025-12-23 21:27:20.395969,2025-12-23 21:27:20.395969
392,Fashion accessories,37.95,2025-12-23 21:27:20.395969,2025-12-23 21:27:20.395969
393,Electronic accessories,76.82,2025-12-23 21:27:20.395969,2025-12-23 21:27:20.395969
394,Sports and travel,52.26,2025-12-23 21:27:20.395969,2025-12-23 21:27:20.395969
395,Health and beauty,79.74,2025-12-23 21:27:20.395969,2025-12-23 21:27:20.395969
396,Health and beauty,77.5,2025-12-23 21:27:20.395969,2025-12-23 21:27:20.395969
397,Food and beverages,54.27,2025-12-23 21:27:20.395969,2025-12-23 21:27:20.395969
398,Home and lifestyle,13.59,2025-12-23 21:27:20.395969,2025-12-23 21:27:20.395969
399,Health and beauty,41.06,2025-12-23 21:27:20.395969,2025-12-23 21:27:20.395969
400,Electronic accessories,19.24,2025-12-23 21:27:20.395969,2025-12-23 21:27:20.395969
401,Food and beverages,39.43,2025-12-23 21:27:20.395969,2025-12-23 21:27:20.395969
402,Home and lifestyle,46.22,2025-12-23 21:27:20.395969,2025-12-23 21:27:20.395969
403,Home and lifestyle,13.98,2025-12-23 21:27:20.395969,2025-12-23 21:27:20.395969
404,Fashion accessories,39.75,2025-12-23 21:27:20.395969,2025-12-23 21:27:20.395969
405,Fashion accessories,97.79,2025-12-23 21:27:20.395969,2025-12-23 21:27:20.395969
406,Sports and travel,67.26,2025-12-23 21:27:20.395969,2025-12-23 21:27:20.395969
407,Food and beverages,13.79,2025-12-23 21:27:20.395969,2025-12-23 21:27:20.395969
408,Fashion accessories,68.71,2025-12-23 21:27:20.395969,2025-12-23 21:27:20.395969
409,Home and lifestyle,56.53,2025-12-23 21:27:20.395969,2025-12-23 21:27:20.395969
410,Fashion accessories,23.82,2025-12-23 21:27:20.395969,2025-12-23 21:27:20.395969
411,Health and beauty,34.21,2025-12-23 21:27:20.395969,2025-12-23 21:27:20.395969
412,Sports and travel,21.87,2025-12-23 21:27:20.395969,2025-12-23 21:27:20.395969
413,Health and beauty,20.97,2025-12-23 21:27:20.395969,2025-12-23 21:27:20.395969
414,Sports and travel,25.84,2025-12-23 21:27:20.395969,2025-12-23 21:27:20.395969
415,Home and lifestyle,50.93,2025-12-23 21:27:20.395969,2025-12-23 21:27:20.395969
416,Health and beauty,96.11,2025-12-23 21:27:20.395969,2025-12-23 21:27:20.395969
417,Home and lifestyle,45.38,2025-12-23 21:27:20.395969,2025-12-23 21:27:20.395969
418,Health and beauty,81.51,2025-12-23 21:27:20.395969,2025-12-23 21:27:20.395969
419,Health and beauty,57.22,2025-12-23 21:27:20.395969,2025-12-23 21:27:20.395969
420,Electronic accessories,25.22,2025-12-23 21:27:20.395969,2025-12-23 21:27:20.395969
421,Food and beverages,38.6,2025-12-23 21:27:20.395969,2025-12-23 21:27:20.395969
422,Electronic accessories,84.05,2025-12-23 21:27:20.395969,2025-12-23 21:27:20.395969
423,Fashion accessories,97.21,2025-12-23 21:27:20.395969,2025-12-23 21:27:20.395969
424,Fashion accessories,25.42,2025-12-23 21:27:20.395969,2025-12-23 21:27:20.395969
425,Fashion accessories,16.28,2025-12-23 21:27:20.395969,2025-12-23 21:27:20.395969
426,Fashion accessories,40.61,2025-12-23 21:27:20.395969,2025-12-23 21:27:20.395969
427,Health and beauty,53.17,2025-12-23 21:27:20.395969,2025-12-23 21:27:20.395969
428,Food and beverages,20.87,2025-12-23 21:27:20.395969,2025-12-23 21:27:20.395969
429,Sports and travel,67.27,2025-12-23 21:27:20.395969,2025-12-23 21:27:20.395969
430,Home and lifestyle,90.65,2025-12-23 21:27:20.395969,2025-12-23 21:27:20.395969
431,Fashion accessories,69.08,2025-12-23 21:27:20.395969,2025-12-23 21:27:20.395969
432,Food and beverages,43.27,2025-12-23 21:27:20.395969,2025-12-23 21:27:20.395969
433,Electronic accessories,23.46,2025-12-23 21:27:20.395969,2025-12-23 21:27:20.395969
434,Fashion accessories,95.54,2025-12-23 21:27:20.395969,2025-12-23 21:27:20.395969
435,Fashion accessories,47.44,2025-12-23 21:27:20.395969,2025-12-23 21:27:20.395969
436,Sports and travel,99.24,2025-12-23 21:27:20.395969,2025-12-23 21:27:20.395969
437,Sports and travel,82.93,2025-12-23 21:27:20.395969,2025-12-23 21:27:20.395969
438,Home and lifestyle,33.99,2025-12-23 21:27:20.395969,2025-12-23 21:27:20.395969
439,Food and beverages,17.04,2025-12-23 21:27:20.395969,2025-12-23 21:27:20.395969
440,Electronic accessories,40.86,2025-12-23 21:27:20.395969,2025-12-23 21:27:20.395969
441,Food and beverages,17.44,2025-12-23 21:27:20.395969,2025-12-23 21:27:20.395969
442,Sports and travel,88.43,2025-12-23 21:27:20.395969,2025-12-23 21:27:20.395969
443,Home and lifestyle,89.21,2025-12-23 21:27:20.395969,2025-12-23 21:27:20.395969
444,Fashion accessories,12.78,2025-12-23 21:27:20.395969,2025-12-23 21:27:20.395969
445,Sports and travel,19.1,2025-12-23 21:27:20.395969,2025-12-23 21:27:20.395969
446,Health and beauty,19.15,2025-12-23 21:27:20.395969,2025-12-23 21:27:20.395969
447,Food and beverages,27.66,2025-12-23 21:27:20.395969,2025-12-23 21:27:20.395969
448,Fashion accessories,45.74,2025-12-23 21:27:20.395969,2025-12-23 21:27:20.395969
449,Health and beauty,27.07,2025-12-23 21:27:20.395969,2025-12-23 21:27:20.395969
450,Sports and travel,39.12,2025-12-23 21:27:20.395969,2025-12-23 21:27:20.395969
451,Electronic accessories,74.71,2025-12-23 21:27:20.395969,2025-12-23 21:27:20.395969
452,Electronic accessories,22.01,2025-12-23 21:27:20.395969,2025-12-23 21:27:20.395969
453,Food and beverages,63.61,2025-12-23 21:27:20.395969,2025-12-23 21:27:20.395969
454,Health and beauty,25.0,2025-12-23 21:27:20.395969,2025-12-23 21:27:20.395969
455,Electronic accessories,20.77,2025-12-23 21:27:20.395969,2025-12-23 21:27:20.395969
456,Fashion accessories,29.56,2025-12-23 21:27:20.395969,2025-12-23 21:27:20.395969
457,Food and beverages,77.4,2025-12-23 21:27:20.395969,2025-12-23 21:27:20.395969
458,Electronic accessories,79.39,2025-12-23 21:27:20.395969,2025-12-23 21:27:20.395969
459,Electronic accessories,46.57,2025-12-23 21:27:20.395969,2025-12-23 21:27:20.395969
460,Food and beverages,35.89,2025-12-23 21:27:20.395969,2025-12-23 21:27:20.395969
461,Food and beverages,40.52,2025-12-23 21:27:20.395969,2025-12-23 21:27:20.395969
462,Food and beverages,73.05,2025-12-23 21:27:20.395969,2025-12-23 21:27:20.395969
463,Sports and travel,73.95,2025-12-23 21:27:20.395969,2025-12-23 21:27:20.395969
464,Food and beverages,22.62,2025-12-23 21:27:20.395969,2025-12-23 21:27:20.395969
465,Food and beverages,51.34,2025-12-23 21:27:20.395969,2025-12-23 21:27:20.395969
466,Sports and travel,54.55,2025-12-23 21:27:20.395969,2025-12-23 21:27:20.395969
467,Health and beauty,37.15,2025-12-23 21:27:20.395969,2025-12-23 21:27:20.395969
468,Sports and travel,37.02,2025-12-23 21:27:20.395969,2025-12-23 21:27:20.395969
469,Food and beverages,21.58,2025-12-23 21:27:20.395969,2025-12-23 21:27:20.395969
470,Electronic accessories,98.84,2025-12-23 21:27:20.395969,2025-12-23 21:27:20.395969
471,Home and lifestyle,83.77,2025-12-23 21:27:20.395969,2025-12-23 21:27:20.395969
472,Sports and travel,40.05,2025-12-23 21:27:20.395969,2025-12-23 21:27:20.395969
473,Fashion accessories,43.13,2025-12-23 21:27:20.395969,2025-12-23 21:27:20.395969
474,Health and beauty,72.57,2025-12-23 21:27:20.395969,2025-12-23 21:27:20.395969
475,Electronic accessories,64.44,2025-12-23 21:27:20.395969,2025-12-23 21:27:20.395969
476,Health and beauty,65.18,2025-12-23 21:27:20.395969,2025-12-23 21:27:20.395969
477,Sports and travel,33.26,2025-12-23 21:27:20.395969,2025-12-23 21:27:20.395969
478,Electronic accessories,84.07,2025-12-23 21:27:20.395969,2025-12-23 21:27:20.395969
479,Sports and travel,34.37,2025-12-23 21:27:20.395969,2025-12-23 21:27:20.395969
480,Electronic accessories,38.6,2025-12-23 21:27:20.395969,2025-12-23 21:27:20.395969
481,Food and beverages,65.97,2025-12-23 21:27:20.395969,2025-12-23 21:27:20.395969
482,Electronic accessories,32.8,2025-12-23 21:27:20.395969,2025-12-23 21:27:20.395969
483,Sports and travel,37.14,2025-12-23 21:27:20.395969,2025-12-23 21:27:20.395969
484,Home and lifestyle,60.38,2025-12-23 21:27:20.395969,2025-12-23 21:27:20.395969
485,Sports and travel,36.98,2025-12-23 21:27:20.395969,2025-12-23 21:27:20.395969
486,Sports and travel,49.49,2025-12-23 21:27:20.395969,2025-12-23 21:27:20.395969
487,Fashion accessories,41.09,2025-12-23 21:27:20.395969,2025-12-23 21:27:20.395969
488,Fashion accessories,37.15,2025-12-23 21:27:20.395969,2025-12-23 21:27:20.395969
489,Home and lifestyle,22.96,2025-12-23 21:27:20.395969,2025-12-23 21:27:20.395969
490,Home and lifestyle,77.68,2025-12-23 21:27:20.395969,2025-12-23 21:27:20.395969
491,Fashion accessories,34.7,2025-12-23 21:27:20.395969,2025-12-23 21:27:20.395969
492,Fashion accessories,19.66,2025-12-23 21:27:20.395969,2025-12-23 21:27:20.395969
493,Health and beauty,25.32,2025-12-23 21:27:20.395969,2025-12-23 21:27:20.395969
494,Home and lifestyle,12.12,2025-12-23 21:27:20.395969,2025-12-23 21:27:20.395969
495,Fashion accessories,99.89,2025-12-23 21:27:20.395969,2025-12-23 21:27:20.395969
496,Sports and travel,75.92,2025-12-23 21:27:20.395969,2025-12-23 21:27:20.395969
497,Electronic accessories,63.22,2025-12-23 21:27:20.395969,2025-12-23 21:27:20.395969
498,Food and beverages,90.24,2025-12-23 21:27:20.395969,2025-12-23 21:27:20.395969
499,Sports and travel,98.13,2025-12-23 21:27:20.395969,2025-12-23 21:27:20.395969
500,Sports and travel,51.52,2025-12-23 21:27:20.395969,2025-12-23 21:27:20.395969
501,Sports and travel,73.97,2025-12-23 21:27:20.395969,2025-12-23 21:27:20.395969
502,Fashion accessories,31.9,2025-12-23 21:27:20.395969,2025-12-23 21:27:20.395969
503,Home and lifestyle,69.4,2025-12-23 21:27:20.395969,2025-12-23 21:27:20.395969
504,Sports and travel,93.31,2025-12-23 21:27:20.395969,2025-12-23 21:27:20.395969
505,Sports and travel,88.45,2025-12-23 21:27:20.395969,2025-12-23 21:27:20.395969
506,Electronic accessories,24.18,2025-12-23 21:27:20.395969,2025-12-23 21:27:20.395969
507,Sports and travel,48.5,2025-12-23 21:27:20.395969,2025-12-23 21:27:20.395969
508,Food and beverages,84.05,2025-12-23 21:27:20.395969,2025-12-23 21:27:20.395969
509,Health and beauty,61.29,2025-12-23 21:27:20.395969,2025-12-23 21:27:20.395969
510,Home and lifestyle,15.95,2025-12-23 21:27:20.395969,2025-12-23 21:27:20.395969
511,Sports and travel,90.74,2025-12-23 21:27:20.395969,2025-12-23 21:27:20.395969
512,Home and lifestyle,42.91,2025-12-23 21:27:20.395969,2025-12-23 21:27:20.395969
513,Fashion accessories,54.28,2025-12-23 21:27:20.395969,2025-12-23 21:27:20.395969
514,Electronic accessories,99.55,2025-12-23 21:27:20.395969,2025-12-23 21:27:20.395969
515,Sports and travel,58.39,2025-12-23 21:27:20.395969,2025-12-23 21:27:20.395969
516,Fashion accessories,51.47,2025-12-23 21:27:20.395969,2025-12-23 21:27:20.395969
517,Health and beauty,54.86,2025-12-23 21:27:20.395969,2025-12-23 21:27:20.395969
518,Home and lifestyle,39.39,2025-12-23 21:27:20.395969,2025-12-23 21:27:20.395969
519,Home and lifestyle,34.73,2025-12-23 21:27:20.395969,2025-12-23 21:27:20.395969
520,Sports and travel,71.92,2025-12-23 21:27:20.395969,2025-12-23 21:27:20.395969
521,Electronic accessories,45.71,2025-12-23 21:27:20.395969,2025-12-23 21:27:20.395969
522,Home and lifestyle,83.17,2025-12-23 21:27:20.395969,2025-12-23 21:27:20.395969
523,Home and lifestyle,37.44,2025-12-23 21:27:20.395969,2025-12-23 21:27:20.395969
524,Health and beauty,62.87,2025-12-23 21:27:20.395969,2025-12-23 21:27:20.395969
525,Food and beverages,81.71,2025-12-23 21:27:20.395969,2025-12-23 21:27:20.395969
526,Sports and travel,91.41,2025-12-23 21:27:20.395969,2025-12-23 21:27:20.395969
527,Fashion accessories,39.21,2025-12-23 21:27:20.395969,2025-12-23 21:27:20.395969
528,Fashion accessories,59.86,2025-12-23 21:27:20.395969,2025-12-23 21:27:20.395969
529,Food and beverages,54.36,2025-12-23 21:27:20.395969,2025-12-23 21:27:20.395969
530,Sports and travel,98.09,2025-12-23 21:27:20.395969,2025-12-23 21:27:20.395969
531,Health and beauty,25.43,2025-12-23 21:27:20.395969,2025-12-23 21:27:20.395969
532,Fashion accessories,86.68,2025-12-23 21:27:20.395969,2025-12-23 21:27:20.395969
533,Electronic accessories,22.95,2025-12-23 21:27:20.395969,2025-12-23 21:27:20.395969
534,Food and beverages,16.31,2025-12-23 21:27:20.395969,2025-12-23 21:27:20.395969
535,Home and lifestyle,28.32,2025-12-23 21:27:20.395969,2025-12-23 21:27:20.395969
536,Home and lifestyle,16.67,2025-12-23 21:27:20.395969,2025-12-23 21:27:20.395969
537,Fashion accessories,73.96,2025-12-23 21:27:20.395969,2025-12-23 21:27:20.395969
538,Home and lifestyle,97.94,2025-12-23 21:27:20.395969,2025-12-23 21:27:20.395969
539,Fashion accessories,73.05,2025-12-23 21:27:20.395969,2025-12-23 21:27:20.395969
540,Food and beverages,87.48,2025-12-23 21:27:20.395969,2025-12-23 21:27:20.395969
541,Home and lifestyle,30.68,2025-12-23 21:27:20.395969,2025-12-23 21:27:20.395969
542,Health and beauty,75.88,2025-12-23 21:27:20.395969,2025-12-23 21:27:20.395969
543,Sports and travel,20.18,2025-12-23 21:27:20.395969,2025-12-23 21:27:20.395969
544,Electronic accessories,18.77,2025-12-23 21:27:20.395969,2025-12-23 21:27:20.395969
545,Food and beverages,71.2,2025-12-23 21:27:20.395969,2025-12-23 21:27:20.395969
546,Home and lifestyle,38.81,2025-12-23 21:27:20.395969,2025-12-23 21:27:20.395969
547,Fashion accessories,29.42,2025-12-23 21:27:20.395969,2025-12-23 21:27:20.395969
548,Sports and travel,60.95,2025-12-23 21:27:20.395969,2025-12-23 21:27:20.395969
549,Sports and travel,51.54,2025-12-23 21:27:20.395969,2025-12-23 21:27:20.395969
550,Electronic accessories,66.06,2025-12-23 21:27:20.395969,2025-12-23 21:27:20.395969
551,Fashion accessories,57.27,2025-12-23 21:27:20.395969,2025-12-23 21:27:20.395969
552,Fashion accessories,54.31,2025-12-23 21:27:20.395969,2025-12-23 21:27:20.395969
553,Health and beauty,58.24,2025-12-23 21:27:20.395969,2025-12-23 21:27:20.395969
554,Electronic accessories,22.21,2025-12-23 21:27:20.395969,2025-12-23 21:27:20.395969
555,Electronic accessories,19.32,2025-12-23 21:27:20.395969,2025-12-23 21:27:20.395969
556,Home and lifestyle,37.48,2025-12-23 21:27:20.395969,2025-12-23 21:27:20.395969
557,Fashion accessories,72.04,2025-12-23 21:27:20.395969,2025-12-23 21:27:20.395969
558,Food and beverages,98.52,2025-12-23 21:27:20.395969,2025-12-23 21:27:20.395969
559,Food and beverages,41.66,2025-12-23 21:27:20.395969,2025-12-23 21:27:20.395969
560,Home and lifestyle,72.42,2025-12-23 21:27:20.395969,2025-12-23 21:27:20.395969
561,Electronic accessories,21.58,2025-12-23 21:27:20.395969,2025-12-23 21:27:20.395969
562,Food and beverages,89.2,2025-12-23 21:27:20.395969,2025-12-23 21:27:20.395969
563,Electronic accessories,42.42,2025-12-23 21:27:20.395969,2025-12-23 21:27:20.395969
564,Electronic accessories,74.51,2025-12-23 21:27:20.395969,2025-12-23 21:27:20.395969
565,Fashion accessories,99.25,2025-12-23 21:27:20.395969,2025-12-23 21:27:20.395969
566,Food and beverages,81.21,2025-12-23 21:27:20.395969,2025-12-23 21:27:20.395969
567,Sports and travel,49.33,2025-12-23 21:27:20.395969,2025-12-23 21:27:20.395969
568,Fashion accessories,65.74,2025-12-23 21:27:20.395969,2025-12-23 21:27:20.395969
569,Fashion accessories,79.86,2025-12-23 21:27:20.395969,2025-12-23 21:27:20.395969
570,Sports and travel,73.98,2025-12-23 21:27:20.395969,2025-12-23 21:27:20.395969
571,Home and lifestyle,82.04,2025-12-23 21:27:20.395969,2025-12-23 21:27:20.395969
572,Sports and travel,26.67,2025-12-23 21:27:20.395969,2025-12-23 21:27:20.395969
573,Food and beverages,10.13,2025-12-23 21:27:20.395969,2025-12-23 21:27:20.395969
574,Food and beverages,72.39,2025-12-23 21:27:20.395969,2025-12-23 21:27:20.395969
575,Sports and travel,85.91,2025-12-23 21:27:20.395969,2025-12-23 21:27:20.395969
576,Fashion accessories,81.31,2025-12-23 21:27:20.395969,2025-12-23 21:27:20.395969
577,Food and beverages,60.3,2025-12-23 21:27:20.395969,2025-12-23 21:27:20.395969
578,Food and beverages,31.77,2025-12-23 21:27:20.395969,2025-12-23 21:27:20.395969
579,Health and beauty,64.27,2025-12-23 21:27:20.395969,2025-12-23 21:27:20.395969
580,Health and beauty,69.51,2025-12-23 21:27:20.395969,2025-12-23 21:27:20.395969
581,Food and beverages,27.22,2025-12-23 21:27:20.395969,2025-12-23 21:27:20.395969
582,Health and beauty,77.68,2025-12-23 21:27:20.395969,2025-12-23 21:27:20.395969
583,Fashion accessories,92.98,2025-12-23 21:27:20.395969,2025-12-23 21:27:20.395969
584,Fashion accessories,18.08,2025-12-23 21:27:20.395969,2025-12-23 21:27:20.395969
585,Sports and travel,63.06,2025-12-23 21:27:20.395969,2025-12-23 21:27:20.395969
586,Health and beauty,51.71,2025-12-23 21:27:20.395969,2025-12-23 21:27:20.395969
587,Food and beverages,52.34,2025-12-23 21:27:20.395969,2025-12-23 21:27:20.395969
588,Sports and travel,43.06,2025-12-23 21:27:20.395969,2025-12-23 21:27:20.395969
589,Fashion accessories,59.61,2025-12-23 21:27:20.395969,2025-12-23 21:27:20.395969
590,Health and beauty,14.62,2025-12-23 21:27:20.395969,2025-12-23 21:27:20.395969
591,Health and beauty,46.53,2025-12-23 21:27:20.395969,2025-12-23 21:27:20.395969
592,Home and lifestyle,24.24,2025-12-23 21:27:20.395969,2025-12-23 21:27:20.395969
593,Sports and travel,45.58,2025-12-23 21:27:20.395969,2025-12-23 21:27:20.395969
594,Sports and travel,75.2,2025-12-23 21:27:20.395969,2025-12-23 21:27:20.395969
595,Sports and travel,96.8,2025-12-23 21:27:20.395969,2025-12-23 21:27:20.395969
596,Health and beauty,14.82,2025-12-23 21:27:20.395969,2025-12-23 21:27:20.395969
597,Food and beverages,52.2,2025-12-23 21:27:20.395969,2025-12-23 21:27:20.395969
598,Sports and travel,46.66,2025-12-23 21:27:20.395969,2025-12-23 21:27:20.395969
599,Fashion accessories,36.85,2025-12-23 21:27:20.395969,2025-12-23 21:27:20.395969
600,Home and lifestyle,70.32,2025-12-23 21:27:20.395969,2025-12-23 21:27:20.395969
601,Electronic accessories,83.08,2025-12-23 21:27:20.395969,2025-12-23 21:27:20.395969
602,Fashion accessories,64.99,2025-12-23 21:27:20.395969,2025-12-23 21:27:20.395969
603,Food and beverages,77.56,2025-12-23 21:27:20.395969,2025-12-23 21:27:20.395969
604,Sports and travel,54.51,2025-12-23 21:27:20.395969,2025-12-23 21:27:20.395969
605,Fashion accessories,51.89,2025-12-23 21:27:20.395969,2025-12-23 21:27:20.395969
606,Home and lifestyle,31.75,2025-12-23 21:27:20.395969,2025-12-23 21:27:20.395969
607,Fashion accessories,53.65,2025-12-23 21:27:20.395969,2025-12-23 21:27:20.395969
608,Food and beverages,49.79,2025-12-23 21:27:20.395969,2025-12-23 21:27:20.395969
609,Fashion accessories,30.61,2025-12-23 21:27:20.395969,2025-12-23 21:27:20.395969
610,Food and beverages,57.89,2025-12-23 21:27:20.395969,2025-12-23 21:27:20.395969
611,Electronic accessories,28.96,2025-12-23 21:27:20.395969,2025-12-23 21:27:20.395969
612,Food and beverages,98.97,2025-12-23 21:27:20.395969,2025-12-23 21:27:20.395969
613,Fashion accessories,93.22,2025-12-23 21:27:20.395969,2025-12-23 21:27:20.395969
614,Sports and travel,80.93,2025-12-23 21:27:20.395969,2025-12-23 21:27:20.395969
615,Food and beverages,67.45,2025-12-23 21:27:20.395969,2025-12-23 21:27:20.395969
616,Sports and travel,38.72,2025-12-23 21:27:20.395969,2025-12-23 21:27:20.395969
617,Sports and travel,72.6,2025-12-23 21:27:20.395969,2025-12-23 21:27:20.395969
618,Electronic accessories,87.91,2025-12-23 21:27:20.395969,2025-12-23 21:27:20.395969
619,Food and beverages,98.53,2025-12-23 21:27:20.395969,2025-12-23 21:27:20.395969
620,Fashion accessories,43.46,2025-12-23 21:27:20.395969,2025-12-23 21:27:20.395969
621,Food and beverages,71.68,2025-12-23 21:27:20.395969,2025-12-23 21:27:20.395969
622,Food and beverages,91.61,2025-12-23 21:27:20.395969,2025-12-23 21:27:20.395969
623,Home and lifestyle,94.59,2025-12-23 21:27:20.395969,2025-12-23 21:27:20.395969
624,Fashion accessories,83.25,2025-12-23 21:27:20.395969,2025-12-23 21:27:20.395969
625,Fashion accessories,91.35,2025-12-23 21:27:20.395969,2025-12-23 21:27:20.395969
626,Food and beverages,78.88,2025-12-23 21:27:20.395969,2025-12-23 21:27:20.395969
627,Sports and travel,60.87,2025-12-23 21:27:20.395969,2025-12-23 21:27:20.395969
628,Health and beauty,82.58,2025-12-23 21:27:20.395969,2025-12-23 21:27:20.395969
629,Home and lifestyle,53.3,2025-12-23 21:27:20.395969,2025-12-23 21:27:20.395969
630,Fashion accessories,12.09,2025-12-23 21:27:20.395969,2025-12-23 21:27:20.395969
631,Sports and travel,64.19,2025-12-23 21:27:20.395969,2025-12-23 21:27:20.395969
632,Electronic accessories,78.31,2025-12-23 21:27:20.395969,2025-12-23 21:27:20.395969
633,Food and beverages,83.77,2025-12-23 21:27:20.395969,2025-12-23 21:27:20.395969
634,Home and lifestyle,99.7,2025-12-23 21:27:20.395969,2025-12-23 21:27:20.395969
635,Food and beverages,79.91,2025-12-23 21:27:20.395969,2025-12-23 21:27:20.395969
636,Health and beauty,66.47,2025-12-23 21:27:20.395969,2025-12-23 21:27:20.395969
637,Health and beauty,28.95,2025-12-23 21:27:20.395969,2025-12-23 21:27:20.395969
638,Electronic accessories,46.2,2025-12-23 21:27:20.395969,2025-12-23 21:27:20.395969
639,Food and beverages,17.63,2025-12-23 21:27:20.395969,2025-12-23 21:27:20.395969
640,Fashion accessories,52.42,2025-12-23 21:27:20.395969,2025-12-23 21:27:20.395969
641,Food and beverages,98.79,2025-12-23 21:27:20.395969,2025-12-23 21:27:20.395969
642,Electronic accessories,88.55,2025-12-23 21:27:20.395969,2025-12-23 21:27:20.395969
643,Electronic accessories,55.67,2025-12-23 21:27:20.395969,2025-12-23 21:27:20.395969
644,Food and beverages,72.52,2025-12-23 21:27:20.395969,2025-12-23 21:27:20.395969
645,Electronic accessories,12.05,2025-12-23 21:27:20.395969,2025-12-23 21:27:20.395969
646,Home and lifestyle,19.36,2025-12-23 21:27:20.395969,2025-12-23 21:27:20.395969
647,Health and beauty,70.21,2025-12-23 21:27:20.395969,2025-12-23 21:27:20.395969
648,Fashion accessories,33.63,2025-12-23 21:27:20.395969,2025-12-23 21:27:20.395969
649,Sports and travel,15.49,2025-12-23 21:27:20.395969,2025-12-23 21:27:20.395969
650,Electronic accessories,24.74,2025-12-23 21:27:20.395969,2025-12-23 21:27:20.395969
651,Electronic accessories,75.66,2025-12-23 21:27:20.395969,2025-12-23 21:27:20.395969
652,Health and beauty,55.81,2025-12-23 21:27:20.395969,2025-12-23 21:27:20.395969
653,Home and lifestyle,72.78,2025-12-23 21:27:20.395969,2025-12-23 21:27:20.395969
654,Sports and travel,37.32,2025-12-23 21:27:20.395969,2025-12-23 21:27:20.395969
655,Fashion accessories,60.18,2025-12-23 21:27:20.395969,2025-12-23 21:27:20.395969
656,Electronic accessories,15.69,2025-12-23 21:27:20.395969,2025-12-23 21:27:20.395969
657,Electronic accessories,99.69,2025-12-23 21:27:20.395969,2025-12-23 21:27:20.395969
658,Fashion accessories,88.15,2025-12-23 21:27:20.395969,2025-12-23 21:27:20.395969
659,Sports and travel,27.93,2025-12-23 21:27:20.395969,2025-12-23 21:27:20.395969
660,Fashion accessories,55.45,2025-12-23 21:27:20.395969,2025-12-23 21:27:20.395969
661,Sports and travel,42.97,2025-12-23 21:27:20.395969,2025-12-23 21:27:20.395969
662,Sports and travel,17.14,2025-12-23 21:27:20.395969,2025-12-23 21:27:20.395969
663,Fashion accessories,58.75,2025-12-23 21:27:20.395969,2025-12-23 21:27:20.395969
664,Food and beverages,87.1,2025-12-23 21:27:20.395969,2025-12-23 21:27:20.395969
665,Sports and travel,98.8,2025-12-23 21:27:20.395969,2025-12-23 21:27:20.395969
666,Fashion accessories,48.63,2025-12-23 21:27:20.395969,2025-12-23 21:27:20.395969
667,Food and beverages,57.74,2025-12-23 21:27:20.395969,2025-12-23 21:27:20.395969
668,Health and beauty,17.97,2025-12-23 21:27:20.395969,2025-12-23 21:27:20.395969
669,Health and beauty,47.71,2025-12-23 21:27:20.395969,2025-12-23 21:27:20.395969
670,Sports and travel,40.62,2025-12-23 21:27:20.395969,2025-12-23 21:27:20.395969
671,Fashion accessories,56.04,2025-12-23 21:27:20.395969,2025-12-23 21:27:20.395969
672,Food and beverages,93.4,2025-12-23 21:27:20.395969,2025-12-23 21:27:20.395969
673,Health and beauty,73.41,2025-12-23 21:27:20.395969,2025-12-23 21:27:20.395969
674,Health and beauty,33.64,2025-12-23 21:27:20.395969,2025-12-23 21:27:20.395969
675,Electronic accessories,45.48,2025-12-23 21:27:20.395969,2025-12-23 21:27:20.395969
676,Fashion accessories,83.77,2025-12-23 21:27:20.395969,2025-12-23 21:27:20.395969
677,Sports and travel,64.08,2025-12-23 21:27:20.395969,2025-12-23 21:27:20.395969
678,Food and beverages,73.47,2025-12-23 21:27:20.395969,2025-12-23 21:27:20.395969
679,Health and beauty,58.95,2025-12-23 21:27:20.395969,2025-12-23 21:27:20.395969
680,Food and beverages,48.5,2025-12-23 21:27:20.395969,2025-12-23 21:27:20.395969
681,Electronic accessories,39.48,2025-12-23 21:27:20.395969,2025-12-23 21:27:20.395969
682,Sports and travel,34.81,2025-12-23 21:27:20.395969,2025-12-23 21:27:20.395969
683,Fashion accessories,49.32,2025-12-23 21:27:20.395969,2025-12-23 21:27:20.395969
684,Fashion accessories,21.48,2025-12-23 21:27:20.395969,2025-12-23 21:27:20.395969
685,Sports and travel,23.08,2025-12-23 21:27:20.395969,2025-12-23 21:27:20.395969
686,Home and lifestyle,49.1,2025-12-23 21:27:20.395969,2025-12-23 21:27:20.395969
687,Sports and travel,64.83,2025-12-23 21:27:20.395969,2025-12-23 21:27:20.395969
688,Home and lifestyle,63.56,2025-12-23 21:27:20.395969,2025-12-23 21:27:20.395969
689,Sports and travel,72.88,2025-12-23 21:27:20.395969,2025-12-23 21:27:20.395969
690,Food and beverages,67.1,2025-12-23 21:27:20.395969,2025-12-23 21:27:20.395969
691,Sports and travel,70.19,2025-12-23 21:27:20.395969,2025-12-23 21:27:20.395969
692,Food and beverages,55.04,2025-12-23 21:27:20.395969,2025-12-23 21:27:20.395969
693,Health and beauty,48.63,2025-12-23 21:27:20.395969,2025-12-23 21:27:20.395969
694,Fashion accessories,73.38,2025-12-23 21:27:20.395969,2025-12-23 21:27:20.395969
695,Food and beverages,52.6,2025-12-23 21:27:20.395969,2025-12-23 21:27:20.395969
696,Home and lifestyle,87.37,2025-12-23 21:27:20.395969,2025-12-23 21:27:20.395969
697,Sports and travel,27.04,2025-12-23 21:27:20.395969,2025-12-23 21:27:20.395969
698,Home and lifestyle,62.19,2025-12-23 21:27:20.395969,2025-12-23 21:27:20.395969
699,Electronic accessories,69.58,2025-12-23 21:27:20.395969,2025-12-23 21:27:20.395969
700,Home and lifestyle,97.5,2025-12-23 21:27:20.395969,2025-12-23 21:27:20.395969
701,Fashion accessories,60.41,2025-12-23 21:27:20.395969,2025-12-23 21:27:20.395969
702,Food and beverages,32.32,2025-12-23 21:27:20.395969,2025-12-23 21:27:20.395969
703,Fashion accessories,19.77,2025-12-23 21:27:20.395969,2025-12-23 21:27:20.395969
704,Health and beauty,80.47,2025-12-23 21:27:20.395969,2025-12-23 21:27:20.395969
705,Home and lifestyle,88.39,2025-12-23 21:27:20.395969,2025-12-23 21:27:20.395969
706,Health and beauty,71.77,2025-12-23 21:27:20.395969,2025-12-23 21:27:20.395969
707,Electronic accessories,43.0,2025-12-23 21:27:20.395969,2025-12-23 21:27:20.395969
708,Food and beverages,68.98,2025-12-23 21:27:20.395969,2025-12-23 21:27:20.395969
709,Fashion accessories,15.62,2025-12-23 21:27:20.395969,2025-12-23 21:27:20.395969
710,Sports and travel,25.7,2025-12-23 21:27:20.395969,2025-12-23 21:27:20.395969
711,Food and beverages,80.62,2025-12-23 21:27:20.395969,2025-12-23 21:27:20.395969
712,Home and lifestyle,75.53,2025-12-23 21:27:20.395969,2025-12-23 21:27:20.395969
713,Electronic accessories,77.63,2025-12-23 21:27:20.395969,2025-12-23 21:27:20.395969
714,Health and beauty,13.85,2025-12-23 21:27:20.395969,2025-12-23 21:27:20.395969
715,Fashion accessories,98.7,2025-12-23 21:27:20.395969,2025-12-23 21:27:20.395969
716,Health and beauty,35.68,2025-12-23 21:27:20.395969,2025-12-23 21:27:20.395969
717,Fashion accessories,71.46,2025-12-23 21:27:20.395969,2025-12-23 21:27:20.395969
718,Electronic accessories,11.94,2025-12-23 21:27:20.395969,2025-12-23 21:27:20.395969
719,Fashion accessories,45.38,2025-12-23 21:27:20.395969,2025-12-23 21:27:20.395969
720,Fashion accessories,17.48,2025-12-23 21:27:20.395969,2025-12-23 21:27:20.395969
721,Fashion accessories,25.56,2025-12-23 21:27:20.395969,2025-12-23 21:27:20.395969
722,Sports and travel,90.63,2025-12-23 21:27:20.395969,2025-12-23 21:27:20.395969
723,Home and lifestyle,44.12,2025-12-23 21:27:20.395969,2025-12-23 21:27:20.395969
724,Food and beverages,36.77,2025-12-23 21:27:20.395969,2025-12-23 21:27:20.395969
725,Food and beverages,23.34,2025-12-23 21:27:20.395969,2025-12-23 21:27:20.395969
726,Health and beauty,28.5,2025-12-23 21:27:20.395969,2025-12-23 21:27:20.395969
727,Home and lifestyle,55.57,2025-12-23 21:27:20.395969,2025-12-23 21:27:20.395969
728,Sports and travel,69.74,2025-12-23 21:27:20.395969,2025-12-23 21:27:20.395969
729,Fashion accessories,97.26,2025-12-23 21:27:20.395969,2025-12-23 21:27:20.395969
730,Home and lifestyle,52.18,2025-12-23 21:27:20.395969,2025-12-23 21:27:20.395969
731,Fashion accessories,22.32,2025-12-23 21:27:20.395969,2025-12-23 21:27:20.395969
732,Health and beauty,56.0,2025-12-23 21:27:20.395969,2025-12-23 21:27:20.395969
733,Fashion accessories,19.7,2025-12-23 21:27:20.395969,2025-12-23 21:27:20.395969
734,Electronic accessories,75.88,2025-12-23 21:27:20.395969,2025-12-23 21:27:20.395969
735,Food and beverages,53.72,2025-12-23 21:27:20.395969,2025-12-23 21:27:20.395969
736,Health and beauty,81.95,2025-12-23 21:27:20.395969,2025-12-23 21:27:20.395969
737,Home and lifestyle,81.2,2025-12-23 21:27:20.395969,2025-12-23 21:27:20.395969
738,Electronic accessories,58.76,2025-12-23 21:27:20.395969,2025-12-23 21:27:20.395969
739,Electronic accessories,91.56,2025-12-23 21:27:20.395969,2025-12-23 21:27:20.395969
740,Home and lifestyle,93.96,2025-12-23 21:27:20.395969,2025-12-23 21:27:20.395969
741,Home and lifestyle,55.61,2025-12-23 21:27:20.395969,2025-12-23 21:27:20.395969
742,Food and beverages,84.83,2025-12-23 21:27:20.395969,2025-12-23 21:27:20.395969
743,Sports and travel,71.63,2025-12-23 21:27:20.395969,2025-12-23 21:27:20.395969
744,Home and lifestyle,37.69,2025-12-23 21:27:20.395969,2025-12-23 21:27:20.395969
745,Sports and travel,31.67,2025-12-23 21:27:20.395969,2025-12-23 21:27:20.395969
746,Food and beverages,38.42,2025-12-23 21:27:20.395969,2025-12-23 21:27:20.395969
747,Fashion accessories,65.23,2025-12-23 21:27:20.395969,2025-12-23 21:27:20.395969
748,Home and lifestyle,10.53,2025-12-23 21:27:20.395969,2025-12-23 21:27:20.395969
749,Home and lifestyle,12.29,2025-12-23 21:27:20.395969,2025-12-23 21:27:20.395969
750,Health and beauty,81.23,2025-12-23 21:27:20.395969,2025-12-23 21:27:20.395969
751,Food and beverages,27.28,2025-12-23 21:27:20.395969,2025-12-23 21:27:20.395969
752,Electronic accessories,17.42,2025-12-23 21:27:20.395969,2025-12-23 21:27:20.395969
753,Home and lifestyle,73.28,2025-12-23 21:27:20.395969,2025-12-23 21:27:20.395969
754,Fashion accessories,84.87,2025-12-23 21:27:20.395969,2025-12-23 21:27:20.395969
755,Fashion accessories,97.29,2025-12-23 21:27:20.395969,2025-12-23 21:27:20.395969
756,Electronic accessories,35.74,2025-12-23 21:27:20.395969,2025-12-23 21:27:20.395969
757,Home and lifestyle,96.52,2025-12-23 21:27:20.395969,2025-12-23 21:27:20.395969
758,Food and beverages,18.85,2025-12-23 21:27:20.395969,2025-12-23 21:27:20.395969
759,Food and beverages,55.39,2025-12-23 21:27:20.395969,2025-12-23 21:27:20.395969
760,Food and beverages,77.2,2025-12-23 21:27:20.395969,2025-12-23 21:27:20.395969
761,Electronic accessories,72.13,2025-12-23 21:27:20.395969,2025-12-23 21:27:20.395969
762,Fashion accessories,63.88,2025-12-23 21:27:20.395969,2025-12-23 21:27:20.395969
763,Health and beauty,10.69,2025-12-23 21:27:20.395969,2025-12-23 21:27:20.395969
764,Health and beauty,55.5,2025-12-23 21:27:20.395969,2025-12-23 21:27:20.395969
765,Home and lifestyle,95.46,2025-12-23 21:27:20.395969,2025-12-23 21:27:20.395969
766,Fashion accessories,76.06,2025-12-23 21:27:20.395969,2025-12-23 21:27:20.395969
767,Sports and travel,13.69,2025-12-23 21:27:20.395969,2025-12-23 21:27:20.395969
768,Electronic accessories,95.64,2025-12-23 21:27:20.395969,2025-12-23 21:27:20.395969
769,Home and lifestyle,11.43,2025-12-23 21:27:20.395969,2025-12-23 21:27:20.395969
770,Sports and travel,95.54,2025-12-23 21:27:20.395969,2025-12-23 21:27:20.395969
771,Health and beauty,85.87,2025-12-23 21:27:20.395969,2025-12-23 21:27:20.395969
772,Sports and travel,67.99,2025-12-23 21:27:20.395969,2025-12-23 21:27:20.395969
773,Food and beverages,52.42,2025-12-23 21:27:20.395969,2025-12-23 21:27:20.395969
774,Food and beverages,65.65,2025-12-23 21:27:20.395969,2025-12-23 21:27:20.395969
775,Food and beverages,28.86,2025-12-23 21:27:20.395969,2025-12-23 21:27:20.395969
776,Health and beauty,65.31,2025-12-23 21:27:20.395969,2025-12-23 21:27:20.395969
777,Sports and travel,93.38,2025-12-23 21:27:20.395969,2025-12-23 21:27:20.395969
778,Sports and travel,25.25,2025-12-23 21:27:20.395969,2025-12-23 21:27:20.395969
779,Electronic accessories,87.87,2025-12-23 21:27:20.395969,2025-12-23 21:27:20.395969
780,Health and beauty,21.8,2025-12-23 21:27:20.395969,2025-12-23 21:27:20.395969
781,Sports and travel,94.76,2025-12-23 21:27:20.395969,2025-12-23 21:27:20.395969
782,Fashion accessories,30.62,2025-12-23 21:27:20.395969,2025-12-23 21:27:20.395969
783,Home and lifestyle,44.01,2025-12-23 21:27:20.395969,2025-12-23 21:27:20.395969
784,Health and beauty,10.16,2025-12-23 21:27:20.395969,2025-12-23 21:27:20.395969
785,Electronic accessories,74.58,2025-12-23 21:27:20.395969,2025-12-23 21:27:20.395969
786,Electronic accessories,71.89,2025-12-23 21:27:20.395969,2025-12-23 21:27:20.395969
787,Health and beauty,10.99,2025-12-23 21:27:20.395969,2025-12-23 21:27:20.395969
788,Health and beauty,60.47,2025-12-23 21:27:20.395969,2025-12-23 21:27:20.395969
789,Sports and travel,58.91,2025-12-23 21:27:20.395969,2025-12-23 21:27:20.395969
790,Fashion accessories,46.41,2025-12-23 21:27:20.395969,2025-12-23 21:27:20.395969
791,Health and beauty,68.55,2025-12-23 21:27:20.395969,2025-12-23 21:27:20.395969
792,Home and lifestyle,97.37,2025-12-23 21:27:20.395969,2025-12-23 21:27:20.395969
793,Electronic accessories,92.6,2025-12-23 21:27:20.395969,2025-12-23 21:27:20.395969
794,Electronic accessories,46.61,2025-12-23 21:27:20.395969,2025-12-23 21:27:20.395969
795,Fashion accessories,27.18,2025-12-23 21:27:20.395969,2025-12-23 21:27:20.395969
796,Home and lifestyle,60.87,2025-12-23 21:27:20.395969,2025-12-23 21:27:20.395969
797,Sports and travel,24.49,2025-12-23 21:27:20.395969,2025-12-23 21:27:20.395969
798,Health and beauty,92.78,2025-12-23 21:27:20.395969,2025-12-23 21:27:20.395969
799,Home and lifestyle,86.69,2025-12-23 21:27:20.395969,2025-12-23 21:27:20.395969
800,Sports and travel,23.01,2025-12-23 21:27:20.395969,2025-12-23 21:27:20.395969
801,Electronic accessories,30.2,2025-12-23 21:27:20.395969,2025-12-23 21:27:20.395969
802,Fashion accessories,67.39,2025-12-23 21:27:20.395969,2025-12-23 21:27:20.395969
803,Fashion accessories,48.96,2025-12-23 21:27:20.395969,2025-12-23 21:27:20.395969
804,Electronic accessories,75.59,2025-12-23 21:27:20.395969,2025-12-23 21:27:20.395969
805,Home and lifestyle,77.47,2025-12-23 21:27:20.395969,2025-12-23 21:27:20.395969
806,Sports and travel,93.18,2025-12-23 21:27:20.395969,2025-12-23 21:27:20.395969
807,Electronic accessories,50.23,2025-12-23 21:27:20.395969,2025-12-23 21:27:20.395969
808,Health and beauty,17.75,2025-12-23 21:27:20.395969,2025-12-23 21:27:20.395969
809,Fashion accessories,62.18,2025-12-23 21:27:20.395969,2025-12-23 21:27:20.395969
810,Health and beauty,10.75,2025-12-23 21:27:20.395969,2025-12-23 21:27:20.395969
811,Electronic accessories,40.26,2025-12-23 21:27:20.395969,2025-12-23 21:27:20.395969
812,Sports and travel,64.97,2025-12-23 21:27:20.395969,2025-12-23 21:27:20.395969
813,Electronic accessories,95.15,2025-12-23 21:27:20.395969,2025-12-23 21:27:20.395969
814,Electronic accessories,48.62,2025-12-23 21:27:20.395969,2025-12-23 21:27:20.395969
815,Food and beverages,53.21,2025-12-23 21:27:20.395969,2025-12-23 21:27:20.395969
816,Fashion accessories,45.44,2025-12-23 21:27:20.395969,2025-12-23 21:27:20.395969
817,Food and beverages,33.88,2025-12-23 21:27:20.395969,2025-12-23 21:27:20.395969
818,Health and beauty,96.16,2025-12-23 21:27:20.395969,2025-12-23 21:27:20.395969
819,Food and beverages,47.16,2025-12-23 21:27:20.395969,2025-12-23 21:27:20.395969
820,Home and lifestyle,47.68,2025-12-23 21:27:20.395969,2025-12-23 21:27:20.395969
821,Sports and travel,10.17,2025-12-23 21:27:20.395969,2025-12-23 21:27:20.395969
822,Health and beauty,68.71,2025-12-23 21:27:20.395969,2025-12-23 21:27:20.395969
823,Sports and travel,60.08,2025-12-23 21:27:20.395969,2025-12-23 21:27:20.395969
824,Sports and travel,22.01,2025-12-23 21:27:20.395969,2025-12-23 21:27:20.395969
825,Health and beauty,72.11,2025-12-23 21:27:20.395969,2025-12-23 21:27:20.395969
826,Fashion accessories,41.28,2025-12-23 21:27:20.395969,2025-12-23 21:27:20.395969
827,Electronic accessories,64.95,2025-12-23 21:27:20.395969,2025-12-23 21:27:20.395969
828,Electronic accessories,74.22,2025-12-23 21:27:20.395969,2025-12-23 21:27:20.395969
829,Electronic accessories,10.56,2025-12-23 21:27:20.395969,2025-12-23 21:27:20.395969
830,Health and beauty,62.57,2025-12-23 21:27:20.395969,2025-12-23 21:27:20.395969
831,Sports and travel,11.85,2025-12-23 21:27:20.395969,2025-12-23 21:27:20.395969
832,Health and beauty,91.3,2025-12-23 21:27:20.395969,2025-12-23 21:27:20.395969
833,Home and lifestyle,40.73,2025-12-23 21:27:20.395969,2025-12-23 21:27:20.395969
834,Fashion accessories,52.38,2025-12-23 21:27:20.395969,2025-12-23 21:27:20.395969
835,Fashion accessories,38.54,2025-12-23 21:27:20.395969,2025-12-23 21:27:20.395969
836,Sports and travel,44.63,2025-12-23 21:27:20.395969,2025-12-23 21:27:20.395969
837,Electronic accessories,55.87,2025-12-23 21:27:20.395969,2025-12-23 21:27:20.395969
838,Sports and travel,29.22,2025-12-23 21:27:20.395969,2025-12-23 21:27:20.395969
839,Fashion accessories,51.94,2025-12-23 21:27:20.395969,2025-12-23 21:27:20.395969
840,Electronic accessories,60.3,2025-12-23 21:27:20.395969,2025-12-23 21:27:20.395969
841,Sports and travel,39.47,2025-12-23 21:27:20.395969,2025-12-23 21:27:20.395969
842,Food and beverages,14.87,2025-12-23 21:27:20.395969,2025-12-23 21:27:20.395969
843,Fashion accessories,21.32,2025-12-23 21:27:20.395969,2025-12-23 21:27:20.395969
844,Electronic accessories,93.78,2025-12-23 21:27:20.395969,2025-12-23 21:27:20.395969
845,Electronic accessories,73.26,2025-12-23 21:27:20.395969,2025-12-23 21:27:20.395969
846,Sports and travel,22.38,2025-12-23 21:27:20.395969,2025-12-23 21:27:20.395969
847,Food and beverages,72.88,2025-12-23 21:27:20.395969,2025-12-23 21:27:20.395969
848,Fashion accessories,99.1,2025-12-23 21:27:20.395969,2025-12-23 21:27:20.395969
849,Fashion accessories,74.1,2025-12-23 21:27:20.395969,2025-12-23 21:27:20.395969
850,Fashion accessories,98.48,2025-12-23 21:27:20.395969,2025-12-23 21:27:20.395969
851,Health and beauty,53.19,2025-12-23 21:27:20.395969,2025-12-23 21:27:20.395969
852,Electronic accessories,52.79,2025-12-23 21:27:20.395969,2025-12-23 21:27:20.395969
853,Health and beauty,95.95,2025-12-23 21:27:20.395969,2025-12-23 21:27:20.395969
854,Fashion accessories,36.51,2025-12-23 21:27:20.395969,2025-12-23 21:27:20.395969
855,Food and beverages,21.12,2025-12-23 21:27:20.395969,2025-12-23 21:27:20.395969
856,Home and lifestyle,28.31,2025-12-23 21:27:20.395969,2025-12-23 21:27:20.395969
857,Health and beauty,57.59,2025-12-23 21:27:20.395969,2025-12-23 21:27:20.395969
858,Food and beverages,47.63,2025-12-23 21:27:20.395969,2025-12-23 21:27:20.395969
859,Home and lifestyle,86.27,2025-12-23 21:27:20.395969,2025-12-23 21:27:20.395969
860,Sports and travel,12.76,2025-12-23 21:27:20.395969,2025-12-23 21:27:20.395969
861,Home and lifestyle,11.28,2025-12-23 21:27:20.395969,2025-12-23 21:27:20.395969
862,Home and lifestyle,51.07,2025-12-23 21:27:20.395969,2025-12-23 21:27:20.395969
863,Electronic accessories,79.59,2025-12-23 21:27:20.395969,2025-12-23 21:27:20.395969
864,Health and beauty,33.81,2025-12-23 21:27:20.395969,2025-12-23 21:27:20.395969
865,Sports and travel,90.53,2025-12-23 21:27:20.395969,2025-12-23 21:27:20.395969
866,Health and beauty,62.82,2025-12-23 21:27:20.395969,2025-12-23 21:27:20.395969
867,Food and beverages,24.31,2025-12-23 21:27:20.395969,2025-12-23 21:27:20.395969
868,Sports and travel,64.59,2025-12-23 21:27:20.395969,2025-12-23 21:27:20.395969
869,Food and beverages,24.82,2025-12-23 21:27:20.395969,2025-12-23 21:27:20.395969
870,Fashion accessories,56.5,2025-12-23 21:27:20.395969,2025-12-23 21:27:20.395969
871,Electronic accessories,21.43,2025-12-23 21:27:20.395969,2025-12-23 21:27:20.395969
872,Sports and travel,89.06,2025-12-23 21:27:20.395969,2025-12-23 21:27:20.395969
873,Home and lifestyle,23.29,2025-12-23 21:27:20.395969,2025-12-23 21:27:20.395969
874,Home and lifestyle,65.26,2025-12-23 21:27:20.395969,2025-12-23 21:27:20.395969
875,Fashion accessories,52.35,2025-12-23 21:27:20.395969,2025-12-23 21:27:20.395969
876,Electronic accessories,39.75,2025-12-23 21:27:20.395969,2025-12-23 21:27:20.395969
877,Electronic accessories,90.02,2025-12-23 21:27:20.395969,2025-12-23 21:27:20.395969
878,Electronic accessories,12.1,2025-12-23 21:27:20.395969,2025-12-23 21:27:20.395969
879,Food and beverages,33.21,2025-12-23 21:27:20.395969,2025-12-23 21:27:20.395969
880,Fashion accessories,10.18,2025-12-23 21:27:20.395969,2025-12-23 21:27:20.395969
881,Sports and travel,31.99,2025-12-23 21:27:20.395969,2025-12-23 21:27:20.395969
882,Food and beverages,83.34,2025-12-23 21:27:20.395969,2025-12-23 21:27:20.395969
883,Food and beverages,87.9,2025-12-23 21:27:20.395969,2025-12-23 21:27:20.395969
884,Electronic accessories,73.47,2025-12-23 21:27:20.395969,2025-12-23 21:27:20.395969
885,Fashion accessories,12.19,2025-12-23 21:27:20.395969,2025-12-23 21:27:20.395969
886,Sports and travel,76.92,2025-12-23 21:27:20.395969,2025-12-23 21:27:20.395969
887,Health and beauty,83.66,2025-12-23 21:27:20.395969,2025-12-23 21:27:20.395969
888,Electronic accessories,57.91,2025-12-23 21:27:20.395969,2025-12-23 21:27:20.395969
889,Fashion accessories,92.49,2025-12-23 21:27:20.395969,2025-12-23 21:27:20.395969
890,Electronic accessories,28.38,2025-12-23 21:27:20.395969,2025-12-23 21:27:20.395969
891,Electronic accessories,50.45,2025-12-23 21:27:20.395969,2025-12-23 21:27:20.395969
892,Health and beauty,99.16,2025-12-23 21:27:20.395969,2025-12-23 21:27:20.395969
893,Fashion accessories,60.74,2025-12-23 21:27:20.395969,2025-12-23 21:27:20.395969
894,Food and beverages,47.27,2025-12-23 21:27:20.395969,2025-12-23 21:27:20.395969
895,Health and beauty,85.6,2025-12-23 21:27:20.395969,2025-12-23 21:27:20.395969
896,Food and beverages,35.04,2025-12-23 21:27:20.395969,2025-12-23 21:27:20.395969
897,Electronic accessories,44.84,2025-12-23 21:27:20.395969,2025-12-23 21:27:20.395969
898,Home and lifestyle,45.97,2025-12-23 21:27:20.395969,2025-12-23 21:27:20.395969
899,Health and beauty,27.73,2025-12-23 21:27:20.395969,2025-12-23 21:27:20.395969
900,Food and beverages,11.53,2025-12-23 21:27:20.395969,2025-12-23 21:27:20.395969
901,Health and beauty,58.32,2025-12-23 21:27:20.395969,2025-12-23 21:27:20.395969
902,Health and beauty,84.61,2025-12-23 21:27:20.395969,2025-12-23 21:27:20.395969
903,Health and beauty,82.88,2025-12-23 21:27:20.395969,2025-12-23 21:27:20.395969
904,Food and beverages,79.54,2025-12-23 21:27:20.395969,2025-12-23 21:27:20.395969
905,Home and lifestyle,49.01,2025-12-23 21:27:20.395969,2025-12-23 21:27:20.395969
906,Food and beverages,29.15,2025-12-23 21:27:20.395969,2025-12-23 21:27:20.395969
907,Electronic accessories,56.13,2025-12-23 21:27:20.395969,2025-12-23 21:27:20.395969
908,Home and lifestyle,93.12,2025-12-23 21:27:20.395969,2025-12-23 21:27:20.395969
909,Fashion accessories,51.34,2025-12-23 21:27:20.395969,2025-12-23 21:27:20.395969
910,Food and beverages,99.6,2025-12-23 21:27:20.395969,2025-12-23 21:27:20.395969
911,Electronic accessories,35.49,2025-12-23 21:27:20.395969,2025-12-23 21:27:20.395969
912,Sports and travel,42.85,2025-12-23 21:27:20.395969,2025-12-23 21:27:20.395969
913,Fashion accessories,94.67,2025-12-23 21:27:20.395969,2025-12-23 21:27:20.395969
914,Home and lifestyle,68.97,2025-12-23 21:27:20.395969,2025-12-23 21:27:20.395969
915,Home and lifestyle,35.79,2025-12-23 21:27:20.395969,2025-12-23 21:27:20.395969
916,Home and lifestyle,16.37,2025-12-23 21:27:20.395969,2025-12-23 21:27:20.395969
917,Home and lifestyle,12.73,2025-12-23 21:27:20.395969,2025-12-23 21:27:20.395969
918,Sports and travel,83.14,2025-12-23 21:27:20.395969,2025-12-23 21:27:20.395969
919,Sports and travel,35.22,2025-12-23 21:27:20.395969,2025-12-23 21:27:20.395969
920,Electronic accessories,13.78,2025-12-23 21:27:20.395969,2025-12-23 21:27:20.395969
921,Sports and travel,88.31,2025-12-23 21:27:20.395969,2025-12-23 21:27:20.395969
922,Health and beauty,39.62,2025-12-23 21:27:20.395969,2025-12-23 21:27:20.395969
923,Electronic accessories,88.25,2025-12-23 21:27:20.395969,2025-12-23 21:27:20.395969
924,Sports and travel,25.31,2025-12-23 21:27:20.395969,2025-12-23 21:27:20.395969
925,Home and lifestyle,99.92,2025-12-23 21:27:20.395969,2025-12-23 21:27:20.395969
926,Fashion accessories,83.35,2025-12-23 21:27:20.395969,2025-12-23 21:27:20.395969
927,Food and beverages,74.44,2025-12-23 21:27:20.395969,2025-12-23 21:27:20.395969
928,Health and beauty,64.08,2025-12-23 21:27:20.395969,2025-12-23 21:27:20.395969
929,Home and lifestyle,63.15,2025-12-23 21:27:20.395969,2025-12-23 21:27:20.395969
930,Home and lifestyle,85.72,2025-12-23 21:27:20.395969,2025-12-23 21:27:20.395969
931,Health and beauty,78.89,2025-12-23 21:27:20.395969,2025-12-23 21:27:20.395969
932,Sports and travel,89.48,2025-12-23 21:27:20.395969,2025-12-23 21:27:20.395969
933,Health and beauty,92.09,2025-12-23 21:27:20.395969,2025-12-23 21:27:20.395969
934,Food and beverages,57.29,2025-12-23 21:27:20.395969,2025-12-23 21:27:20.395969
935,Food and beverages,66.52,2025-12-23 21:27:20.395969,2025-12-23 21:27:20.395969
936,Home and lifestyle,45.68,2025-12-23 21:27:20.395969,2025-12-23 21:27:20.395969
937,Health and beauty,50.79,2025-12-23 21:27:20.395969,2025-12-23 21:27:20.395969
938,Health and beauty,10.08,2025-12-23 21:27:20.395969,2025-12-23 21:27:20.395969
939,Electronic accessories,93.88,2025-12-23 21:27:20.395969,2025-12-23 21:27:20.395969
940,Electronic accessories,84.25,2025-12-23 21:27:20.395969,2025-12-23 21:27:20.395969
941,Fashion accessories,53.78,2025-12-23 21:27:20.395969,2025-12-23 21:27:20.395969
942,Home and lifestyle,35.81,2025-12-23 21:27:20.395969,2025-12-23 21:27:20.395969
943,Food and beverages,26.43,2025-12-23 21:27:20.395969,2025-12-23 21:27:20.395969
944,Health and beauty,39.91,2025-12-23 21:27:20.395969,2025-12-23 21:27:20.395969
945,Home and lifestyle,21.9,2025-12-23 21:27:20.395969,2025-12-23 21:27:20.395969
946,Food and beverages,62.85,2025-12-23 21:27:20.395969,2025-12-23 21:27:20.395969
947,Food and beverages,21.04,2025-12-23 21:27:20.395969,2025-12-23 21:27:20.395969
948,Home and lifestyle,65.91,2025-12-23 21:27:20.395969,2025-12-23 21:27:20.395969
949,Fashion accessories,42.57,2025-12-23 21:27:20.395969,2025-12-23 21:27:20.395969
950,Food and beverages,50.49,2025-12-23 21:27:20.395969,2025-12-23 21:27:20.395969
951,Electronic accessories,46.02,2025-12-23 21:27:20.395969,2025-12-23 21:27:20.395969
952,Home and lifestyle,15.8,2025-12-23 21:27:20.395969,2025-12-23 21:27:20.395969
953,Food and beverages,98.66,2025-12-23 21:27:20.395969,2025-12-23 21:27:20.395969
954,Fashion accessories,91.98,2025-12-23 21:27:20.395969,2025-12-23 21:27:20.395969
955,Electronic accessories,20.89,2025-12-23 21:27:20.395969,2025-12-23 21:27:20.395969
956,Fashion accessories,15.5,2025-12-23 21:27:20.395969,2025-12-23 21:27:20.395969
957,Electronic accessories,96.82,2025-12-23 21:27:20.395969,2025-12-23 21:27:20.395969
958,Food and beverages,33.33,2025-12-23 21:27:20.395969,2025-12-23 21:27:20.395969
959,Electronic accessories,38.27,2025-12-23 21:27:20.395969,2025-12-23 21:27:20.395969
960,Home and lifestyle,33.3,2025-12-23 21:27:20.395969,2025-12-23 21:27:20.395969
961,Home and lifestyle,81.01,2025-12-23 21:27:20.395969,2025-12-23 21:27:20.395969
962,Health and beauty,15.8,2025-12-23 21:27:20.395969,2025-12-23 21:27:20.395969
963,Electronic accessories,34.49,2025-12-23 21:27:20.395969,2025-12-23 21:27:20.395969
964,Food and beverages,84.63,2025-12-23 21:27:20.395969,2025-12-23 21:27:20.395969
965,Home and lifestyle,36.91,2025-12-23 21:27:20.395969,2025-12-23 21:27:20.395969
966,Electronic accessories,87.08,2025-12-23 21:27:20.395969,2025-12-23 21:27:20.395969
967,Home and lifestyle,80.08,2025-12-23 21:27:20.395969,2025-12-23 21:27:20.395969
968,Fashion accessories,86.13,2025-12-23 21:27:20.395969,2025-12-23 21:27:20.395969
969,Fashion accessories,49.92,2025-12-23 21:27:20.395969,2025-12-23 21:27:20.395969
970,Food and beverages,74.66,2025-12-23 21:27:20.395969,2025-12-23 21:27:20.395969
971,Food and beverages,26.6,2025-12-23 21:27:20.395969,2025-12-23 21:27:20.395969
972,Electronic accessories,25.45,2025-12-23 21:27:20.395969,2025-12-23 21:27:20.395969
973,Food and beverages,67.77,2025-12-23 21:27:20.395969,2025-12-23 21:27:20.395969
974,Food and beverages,59.59,2025-12-23 21:27:20.395969,2025-12-23 21:27:20.395969
975,Health and beauty,58.15,2025-12-23 21:27:20.395969,2025-12-23 21:27:20.395969
976,Sports and travel,97.48,2025-12-23 21:27:20.395969,2025-12-23 21:27:20.395969
977,Health and beauty,99.96,2025-12-23 21:27:20.395969,2025-12-23 21:27:20.395969
978,Electronic accessories,96.37,2025-12-23 21:27:20.395969,2025-12-23 21:27:20.395969
979,Fashion accessories,63.71,2025-12-23 21:27:20.395969,2025-12-23 21:27:20.395969
980,Health and beauty,14.76,2025-12-23 21:27:20.395969,2025-12-23 21:27:20.395969
981,Health and beauty,62.0,2025-12-23 21:27:20.395969,2025-12-23 21:27:20.395969
982,Electronic accessories,82.34,2025-12-23 21:27:20.395969,2025-12-23 21:27:20.395969
983,Health and beauty,75.37,2025-12-23 21:27:20.395969,2025-12-23 21:27:20.395969
984,Food and beverages,56.56,2025-12-23 21:27:20.395969,2025-12-23 21:27:20.395969
985,Sports and travel,76.6,2025-12-23 21:27:20.395969,2025-12-23 21:27:20.395969
986,Electronic accessories,58.03,2025-12-23 21:27:20.395969,2025-12-23 21:27:20.395969
987,Fashion accessories,17.49,2025-12-23 21:27:20.395969,2025-12-23 21:27:20.395969
988,Electronic accessories,60.95,2025-12-23 21:27:20.395969,2025-12-23 21:27:20.395969
989,Health and beauty,40.35,2025-12-23 21:27:20.395969,2025-12-23 21:27:20.395969
990,Home and lifestyle,97.38,2025-12-23 21:27:20.395969,2025-12-23 21:27:20.395969
991,Food and beverages,31.84,2025-12-23 21:27:20.395969,2025-12-23 21:27:20.395969
992,Home and lifestyle,65.82,2025-12-23 21:27:20.395969,2025-12-23 21:27:20.395969
993,Fashion accessories,88.34,2025-12-23 21:27:20.395969,2025-12-23 21:27:20.395969
